symbol,snapshot_date,spot,expiry,right,strike,bid,ask,last_price,volume,open_interest,implied_vol,in_the_money,last_trade_date,contract_symbol
AAPL,2026-09-23,337.0199890136719,2026-09-23,C,245.0,90.35,93.15,92.22,108.0,7.0,3.6845711010742193,True,2026-09-23 17:42:28+00:00,AAPL260923C00245000
AAPL,2026-09-23,337.0199890136719,2026-09-23,C,250.0,85.3,88.2,86.89,78.0,10.0,3.5205090112304687,True,2026-09-23 18:36:45+00:00,AAPL260923C00250000
AAPL,2026-09-23,337.0199890136719,2026-09-23,C,255.0,80.3,83.2,81.96,16.0,14.0,3.3271501196289055,True,2026-09-23 18:36:45+00:00,AAPL260923C00255000
AAPL,2026-09-23,337.0199890136719,2026-09-23,C,260.0,75.3,78.2,76.96,14.0,51.0,3.1367209082031247,True,2026-09-23 17:32:36+00:00,AAPL260923C00260000
AAPL,2026-09-23,337.0199890136719,2026-09-23,C,265.0,70.3,73.2,72.31,24.0,57.0,2.9482448168945314,True,2026-09-23 17:52:42+00:00,AAPL260923C00265000
AAPL,2026-09-23,337.0199890136719,2026-09-23,C,270.0,65.3,68.2,67.46,41.0,83.0,2.761721845703125,True,2026-09-23 17:57:57+00:00,AAPL260923C00270000
AAPL,2026-09-23,337.0199890136719,2026-09-23,C,275.0,60.0,63.15,62.41,28.0,32.0,2.5517614331054688,True,2026-09-23 17:08:04+00:00,AAPL260923C00275000
AAPL,2026-09-23,337.0199890136719,2026-09-23,C,280.0,55.35,58.1,57.44,57.0,43.0,2.345707260742187,True,2026-09-23 17:55:30+00:00,AAPL260923C00280000
AAPL,2026-09-23,337.0199890136719,2026-09-23,C,282.5,52.8,55.65,54.93,26.0,29.0,2.279301176757812,True,2026-09-23 17:57:27+00:00,AAPL260923C00282500
AAPL,2026-09-23,337.0199890136719,2026-09-23,C,285.0,50.0,53.25,52.12,40.0,16.0,2.2334028540039057,True,2026-09-23 19:03:20+00:00,AAPL260923C00285000
AAPL,2026-09-23,337.0199890136719,2026-09-23,C,287.5,47.8,50.7,49.69,45.0,35.0,2.1210984472656245,True,2026-09-23 19:03:20+00:00,AAPL260923C00287500
AAPL,2026-09-23,337.0199890136719,2026-09-23,C,290.0,45.3,48.15,47.25,47.0,103.0,2.0087940405273432,True,2026-09-23 19:02:49+00:00,AAPL260923C00290000
AAPL,2026-09-23,337.0199890136719,2026-09-23,C,292.5,42.85,45.6,44.94,64.0,52.0,1.8984380078125,True,2026-09-23 17:55:43+00:00,AAPL260923C00292500
AAPL,2026-09-23,337.0199890136719,2026-09-23,C,295.0,40.35,43.1,42.44,188.0,58.0,1.8095712646484374,True,2026-09-23 17:57:24+00:00,AAPL260923C00295000
AAPL,2026-09-23,337.0199890136719,2026-09-23,C,297.5,37.85,40.5,39.5,51.0,103.0,1.6801773803710938,True,2026-09-23 17:27:39+00:00,AAPL260923C00297500
AAPL,2026-09-23,337.0199890136719,2026-09-23,C,300.0,35.35,38.1,37.42,52.0,97.0,1.6318377783203122,True,2026-09-23 18:44:06+00:00,AAPL260923C00300000
AAPL,2026-09-23,337.0199890136719,2026-09-23,C,302.5,32.85,35.6,34.54,26.0,97.0,1.5419944775390624,True,2026-09-23 19:04:22+00:00,AAPL260923C00302500
AAPL,2026-09-23,337.0199890136719,2026-09-23,C,305.0,30.35,33.15,32.1,53.0,96.0,1.470705771484375,True,2026-09-23 19:04:22+00:00,AAPL260923C00305000
AAPL,2026-09-23,337.0199890136719,2026-09-23,C,307.5,27.8,30.65,29.28,5.0,11.0,1.3798859130859373,True,2026-09-23 16:32:18+00:00,AAPL260923C00307500
AAPL,2026-09-23,337.0199890136719,2026-09-23,C,310.0,25.3,28.2,26.73,41.0,112.0,1.3051792553710935,True,2026-09-23 19:04:58+00:00,AAPL260923C00310000
AAPL,2026-09-23,337.0199890136719,2026-09-23,C,312.5,22.5,25.65,24.3,34.0,54.0,1.1977579174804687,True,2026-09-23 19:04:58+00:00,AAPL260923C00312500
AAPL,2026-09-23,337.0199890136719,2026-09-23,C,315.0,20.3,22.95,21.24,15.0,319.0,1.0449266503906252,True,2026-09-23 19:31:37+00:00,AAPL260923C00315000
AAPL,2026-09-23,337.0199890136719,2026-09-23,C,317.5,17.8,20.6,19.42,15.0,179.0,0.9985351708984375,True,2026-09-23 19:05:31+00:00,AAPL260923C00317500
AAPL,2026-09-23,337.0199890136719,2026-09-23,C,320.0,15.35,18.2,17.09,120.0,397.0,0.9311530322265625,True,2026-09-23 19:01:25+00:00,AAPL260923C00320000
AAPL,2026-09-23,337.0199890136719,2026-09-23,C,322.5,12.85,15.65,14.22,58.0,108.0,0.82226740234375,True,2026-09-23 19:12:30+00:00,AAPL260923C00322500
AAPL,2026-09-23,337.0199890136719,2026-09-23,C,325.0,10.75,12.8,11.73,206.0,525.0,0.63867548828125,True,2026-09-23 19:58:17+00:00,AAPL260923C00325000
AAPL,2026-09-23,337.0199890136719,2026-09-23,C,327.5,8.25,10.1,9.27,55.0,169.0,0.49414568359375005,True,2026-09-23 19:58:17+00:00,AAPL260923C00327500
AAPL,2026-09-23,337.0199890136719,2026-09-23,C,330.0,6.6,8.15,6.71,893.0,486.0,0.51758294921875,True,2026-09-23 19:57:05+00:00,AAPL260923C00330000
AAPL,2026-09-23,337.0199890136719,2026-09-23,C,332.5,3.8,5.65,4.4,1402.0,748.0,0.40552352294921873,True,2026-09-23 19:55:00+00:00,AAPL260923C00332500
AAPL,2026-09-23,337.0199890136719,2026-09-23,C,335.0,1.78,2.31,1.98,14803.0,1877.0,0.14087773193359376,True,2026-09-23 19:59:01+00:00,AAPL260923C00335000
AAPL,2026-09-23,337.0199890136719,2026-09-23,C,337.5,0.07,0.1,0.09,100478.0,4068.0,0.039072109375,False,2026-09-23 19:59:59+00:00,AAPL260923C00337500
AAPL,2026-09-23,337.0199890136719,2026-09-23,C,340.0,0.0,0.01,0.01,131805.0,8337.0,0.08204042968750001,False,2026-09-23 19:57:00+00:00,AAPL260923C00340000
AAPL,2026-09-23,337.0199890136719,2026-09-23,C,342.5,0.0,0.01,0.01,81849.0,8342.0,0.13672738281250002,False,2026-09-23 19:56:28+00:00,AAPL260923C00342500
AAPL,2026-09-23,337.0199890136719,2026-09-23,C,345.0,0.0,0.01,0.01,61456.0,20185.0,0.187508125,False,2026-09-23 19:59:31+00:00,AAPL260923C00345000
AAPL,2026-09-23,337.0199890136719,2026-09-23,C,347.5,0.0,0.01,0.01,13234.0,10983.0,0.23828886718749998,False,2026-09-23 19:50:34+00:00,AAPL260923C00347500
AAPL,2026-09-23,337.0199890136719,2026-09-23,C,350.0,0.0,0.01,0.01,6275.0,13953.0,0.2890696093749999,False,2026-09-23 19:58:21+00:00,AAPL260923C00350000
AAPL,2026-09-23,337.0199890136719,2026-09-23,C,352.5,0.0,0.01,0.01,3978.0,6053.0,0.335944140625,False,2026-09-23 19:44:20+00:00,AAPL260923C00352500
AAPL,2026-09-23,337.0199890136719,2026-09-23,C,355.0,0.0,0.01,0.01,1408.0,4559.0,0.38281867187499996,False,2026-09-23 19:33:29+00:00,AAPL260923C00355000
AAPL,2026-09-23,337.0199890136719,2026-09-23,C,357.5,0.0,0.01,0.01,30.0,1455.0,0.42969320312500003,False,2026-09-22 19:59:23+00:00,AAPL260923C00357500
AAPL,2026-09-23,337.0199890136719,2026-09-23,C,360.0,0.0,0.01,0.01,79.0,2856.0,0.4687553125,False,2026-09-23 16:29:08+00:00,AAPL260923C00360000
AAPL,2026-09-23,337.0199890136719,2026-09-23,C,362.5,,0.01,0.01,62.0,152.0,0.51562984375,False,2026-09-23 15:40:59+00:00,AAPL260923C00362500
AAPL,2026-09-23,337.0199890136719,2026-09-23,C,365.0,0.0,0.01,0.01,69.0,217.0,0.5312546875,False,2026-09-23 16:38:03+00:00,AAPL260923C00365000
AAPL,2026-09-23,337.0199890136719,2026-09-23,C,370.0,0.0,0.01,0.01,66.0,202.0,0.5937540625000001,False,2026-09-23 15:40:59+00:00,AAPL260923C00370000
AAPL,2026-09-23,337.0199890136719,2026-09-23,C,375.0,0.0,0.01,0.01,66.0,54.0,0.6875031250000001,False,2026-09-23 15:40:59+00:00,AAPL260923C00375000
AAPL,2026-09-23,337.0199890136719,2026-09-23,C,380.0,0.0,0.01,0.01,18.0,59.0,0.7500025,False,2026-09-23 13:36:41+00:00,AAPL260923C00380000
AAPL,2026-09-23,337.0199890136719,2026-09-23,C,385.0,,0.01,0.01,18.0,1.0,0.8906260937499999,False,2026-09-23 13:35:50+00:00,AAPL260923C00385000
AAPL,2026-09-23,337.0199890136719,2026-09-23,C,390.0,0.0,0.01,0.01,6.0,15.0,0.9062509375,False,2026-09-22 13:46:29+00:00,AAPL260923C00390000
AAPL,2026-09-23,337.0199890136719,2026-09-23,C,395.0,0.0,0.01,0.01,11.0,9.0,0.9687503125,False,2026-09-23 14:12:39+00:00,AAPL260923C00395000
AAPL,2026-09-23,337.0199890136719,2026-09-23,P,245.0,0.0,0.01,0.01,2.0,4.0,1.875000625,False,2026-09-22 16:07:35+00:00,AAPL260923P00245000
AAPL,2026-09-23,337.0199890136719,2026-09-23,P,250.0,0.0,0.01,0.02,1.0,6.0,1.78125109375,False,2026-09-21 13:34:09+00:00,AAPL260923P00250000
AAPL,2026-09-23,337.0199890136719,2026-09-23,P,255.0,0.0,0.01,0.01,2.0,7.0,1.6875015625,False,2026-09-21 15:03:57+00:00,AAPL260923P00255000
AAPL,2026-09-23,337.0199890136719,2026-09-23,P,260.0,0.0,0.01,0.01,145.0,79.0,1.5625021874999998,False,2026-09-21 17:55:46+00:00,AAPL260923P00260000
AAPL,2026-09-23,337.0199890136719,2026-09-23,P,265.0,0.0,0.01,0.01,134.0,72.0,1.4375028125,False,2026-09-21 18:21:53+00:00,AAPL260923P00265000
AAPL,2026-09-23,337.0199890136719,2026-09-23,P,270.0,0.0,0.01,0.01,2.0,194.0,1.3437532812499997,False,2026-09-23 17:46:05+00:00,AAPL260923P00270000
AAPL,2026-09-23,337.0199890136719,2026-09-23,P,275.0,0.0,0.1,0.04,2.0,94.0,1.5546897265624997,False,2026-09-23 17:46:05+00:00,AAPL260923P00275000
AAPL,2026-09-23,337.0199890136719,2026-09-23,P,280.0,0.0,0.01,0.01,5.0,73.0,1.125004375,False,2026-09-23 16:54:50+00:00,AAPL260923P00280000
AAPL,2026-09-23,337.0199890136719,2026-09-23,P,282.5,0.0,0.01,0.01,114.0,123.0,1.09375453125,False,2026-09-22 19:50:27+00:00,AAPL260923P00282500
AAPL,2026-09-23,337.0199890136719,2026-09-23,P,285.0,0.0,0.01,0.01,211.0,110.0,1.0312548437500002,False,2026-09-22 18:19:19+00:00,AAPL260923P00285000
AAPL,2026-09-23,337.0199890136719,2026-09-23,P,287.5,0.0,0.1,0.07,107.0,34.0,1.2500037499999999,False,2026-09-22 19:59:08+00:00,AAPL260923P00287500
AAPL,2026-09-23,337.0199890136719,2026-09-23,P,290.0,0.0,0.01,0.01,26.0,105.0,0.937500625,False,2026-09-23 13:57:31+00:00,AAPL260923P00290000
AAPL,2026-09-23,337.0199890136719,2026-09-23,P,292.5,0.0,0.1,0.02,26.0,1.0,1.125004375,False,2026-09-23 13:57:31+00:00,AAPL260923P00292500
AAPL,2026-09-23,337.0199890136719,2026-09-23,P,295.0,0.0,0.01,0.01,2.0,120.0,0.8437515624999999,False,2026-09-23 13:50:48+00:00,AAPL260923P00295000
AAPL,2026-09-23,337.0199890136719,2026-09-23,P,297.5,0.0,0.1,0.02,2.0,123.0,1.0078174609375,False,2026-09-23 13:50:48+00:00,AAPL260923P00297500
AAPL,2026-09-23,337.0199890136719,2026-09-23,P,300.0,0.0,0.01,0.01,113.0,793.0,0.7500025,False,2026-09-22 17:46:54+00:00,AAPL260923P00300000
AAPL,2026-09-23,337.0199890136719,2026-09-23,P,302.5,0.0,0.11,0.01,4.0,35.0,0.8984385156249999,False,2026-09-23 13:31:34+00:00,AAPL260923P00302500
AAPL,2026-09-23,337.0199890136719,2026-09-23,P,305.0,0.0,0.01,0.01,63.0,185.0,0.6562534375000001,False,2026-09-23 14:14:34+00:00,AAPL260923P00305000
AAPL,2026-09-23,337.0199890136719,2026-09-23,P,307.5,0.0,0.01,0.02,62.0,148.0,0.5937540625000001,False,2026-09-23 14:14:34+00:00,AAPL260923P00307500
AAPL,2026-09-23,337.0199890136719,2026-09-23,P,310.0,0.0,0.01,0.01,14.0,805.0,0.5468795312500001,False,2026-09-23 13:43:36+00:00,AAPL260923P00310000
AAPL,2026-09-23,337.0199890136719,2026-09-23,P,312.5,0.0,0.01,0.01,13.0,184.0,0.500005,False,2026-09-23 13:43:36+00:00,AAPL260923P00312500
AAPL,2026-09-23,337.0199890136719,2026-09-23,P,315.0,0.0,0.01,0.01,16.0,877.0,0.48438015625,False,2026-09-23 14:59:24+00:00,AAPL260923P00315000
AAPL,2026-09-23,337.0199890136719,2026-09-23,P,317.5,0.0,0.01,0.01,169.0,294.0,0.437505625,False,2026-09-23 14:37:17+00:00,AAPL260923P00317500
AAPL,2026-09-23,337.0199890136719,2026-09-23,P,320.0,0.0,0.01,0.01,67.0,801.0,0.38281867187499996,False,2026-09-23 17:39:42+00:00,AAPL260923P00320000
AAPL,2026-09-23,337.0199890136719,2026-09-23,P,322.5,0.0,0.01,0.01,301.0,1869.0,0.32813171874999997,False,2026-09-23 19:48:08+00:00,AAPL260923P00322500
AAPL,2026-09-23,337.0199890136719,2026-09-23,P,325.0,0.0,0.01,0.01,709.0,1626.0,0.28125718749999995,False,2026-09-23 17:41:21+00:00,AAPL260923P00325000
AAPL,2026-09-23,337.0199890136719,2026-09-23,P,327.5,0.0,0.01,0.02,1565.0,2092.0,0.22657023437499998,False,2026-09-23 19:42:53+00:00,AAPL260923P00327500
AAPL,2026-09-23,337.0199890136719,2026-09-23,P,330.0,0.0,0.01,0.01,11026.0,2718.0,0.17188328125000002,False,2026-09-23 19:37:49+00:00,AAPL260923P00330000
AAPL,2026-09-23,337.0199890136719,2026-09-23,P,332.5,0.0,0.01,0.01,41041.0,2035.0,0.117196328125,False,2026-09-23 19:58:19+00:00,AAPL260923P00332500
AAPL,2026-09-23,337.0199890136719,2026-09-23,P,335.0,0.0,0.01,0.01,133353.0,7160.0,0.058603164062500004,False,2026-09-23 19:58:32+00:00,AAPL260923P00335000
AAPL,2026-09-23,337.0199890136719,2026-09-23,P,337.5,0.51,0.71,0.75,61835.0,5047.0,0.060800407714843754,True,2026-09-23 19:59:55+00:00,AAPL260923P00337500
AAPL,2026-09-23,337.0199890136719,2026-09-23,P,340.0,2.72,3.4,3.12,21259.0,13283.0,0.20459779785156246,True,2026-09-23 19:59:46+00:00,AAPL260923P00340000
AAPL,2026-09-23,337.0199890136719,2026-09-23,P,342.5,5.05,5.95,5.6,2391.0,2713.0,0.3112861840820312,True,2026-09-23 19:59:20+00:00,AAPL260923P00342500
AAPL,2026-09-23,337.0199890136719,2026-09-23,P,345.0,6.9,9.25,8.7,383.0,666.0,0.5725140405273439,True,2026-09-23 19:30:08+00:00,AAPL260923P00345000
AAPL,2026-09-23,337.0199890136719,2026-09-23,P,347.5,9.35,11.75,11.05,41.0,117.0,0.6709017285156251,True,2026-09-23 19:29:46+00:00,AAPL260923P00347500
AAPL,2026-09-23,337.0199890136719,2026-09-23,P,350.0,11.85,14.25,13.08,36.0,257.0,0.7641625146484375,True,2026-09-23 17:07:31+00:00,AAPL260923P00350000
AAPL,2026-09-23,337.0199890136719,2026-09-23,P,352.5,14.5,16.75,15.53,4.0,0.0,0.8535170898437501,True,2026-09-23 17:07:31+00:00,AAPL260923P00352500
AAPL,2026-09-23,337.0199890136719,2026-09-23,P,355.0,16.8,20.0,14.89,118.0,0.0,0.6904327832031252,True,2026-09-22 18:57:23+00:00,AAPL260923P00355000
AAPL,2026-09-23,337.0199890136719,2026-09-23,P,357.5,19.35,22.5,17.27,2.0,20.0,0.7700218310546876,True,2026-09-22 18:56:56+00:00,AAPL260923P00357500
AAPL,2026-09-23,337.0199890136719,2026-09-23,P,360.0,21.8,25.0,20.74,4.0,0.0,0.8281267187499999,True,2026-09-21 19:39:12+00:00,AAPL260923P00360000
AAPL,2026-09-23,337.0199890136719,2026-09-23,P,362.5,23.9,27.5,25.9,2.0,,0.7851583984375,True,2026-09-23 15:29:24+00:00,AAPL260923P00362500
AAPL,2026-09-23,337.0199890136719,2026-09-23,P,365.0,26.8,30.0,28.33,2.0,,0.9589847851562499,True,2026-09-23 15:29:24+00:00,AAPL260923P00365000
AAPL,2026-09-23,337.0199890136719,2026-09-23,P,370.0,31.55,35.0,32.32,5.0,,1.013676806640625,True,2026-09-23 17:22:45+00:00,AAPL260923P00370000
AAPL,2026-09-23,337.0199890136719,2026-09-23,P,375.0,36.9,40.0,37.57,5.0,0.0,1.2343788281249999,True,2026-09-23 17:23:42+00:00,AAPL260923P00375000
AAPL,2026-09-23,337.0199890136719,2026-09-23,P,380.0,41.9,45.0,42.8,1.0,,1.3535188574218748,True,2026-09-23 15:21:22+00:00,AAPL260923P00380000
AAPL,2026-09-23,337.0199890136719,2026-09-23,P,385.0,46.55,50.0,47.72,1.0,,1.3515657421874998,True,2026-09-23 15:21:22+00:00,AAPL260923P00385000
AAPL,2026-09-23,337.0199890136719,2026-09-23,P,390.0,52.1,55.0,52.75,1.0,,1.6416033544921875,True,2026-09-23 15:23:11+00:00,AAPL260923P00390000
AAPL,2026-09-23,337.0199890136719,2026-09-25,C,120.0,215.35,217.45,216.4,2.0,1.0,5.144534819335938,True,2026-09-23 15:27:37+00:00,AAPL260925C00120000
AAPL,2026-09-23,337.0199890136719,2026-09-25,C,125.0,210.35,213.3,211.27,7.0,2.0,5.861330798339844,True,2026-09-23 19:53:56+00:00,AAPL260925C00125000
AAPL,2026-09-23,337.0199890136719,2026-09-25,C,130.0,205.4,208.4,206.27,5.0,2.0,5.723635657958983,True,2026-09-23 19:53:56+00:00,AAPL260925C00130000
AAPL,2026-09-23,337.0199890136719,2026-09-25,C,135.0,200.35,203.4,201.25,6.0,,5.51562810546875,True,2026-09-23 19:42:31+00:00,AAPL260925C00135000
AAPL,2026-09-23,337.0199890136719,2026-09-25,C,140.0,195.35,198.4,196.25,10.0,3.0,5.316409604492186,True,2026-09-23 19:42:31+00:00,AAPL260925C00140000
AAPL,2026-09-23,337.0199890136719,2026-09-25,C,145.0,190.15,193.15,192.87,4.0,3.0,4.947269440917968,True,2026-09-23 14:56:12+00:00,AAPL260925C00145000
AAPL,2026-09-23,337.0199890136719,2026-09-25,C,150.0,185.35,188.15,187.27,2.0,0.0,4.765629042968749,True,2026-09-21 14:15:58+00:00,AAPL260925C00150000
AAPL,2026-09-23,337.0199890136719,2026-09-25,C,155.0,180.4,183.15,182.37,,1.0,4.591801135253906,True,2026-09-21 14:30:23+00:00,AAPL260925C00155000
AAPL,2026-09-23,337.0199890136719,2026-09-25,C,160.0,175.4,178.15,176.85,4.0,3.0,4.422856033935545,True,2026-09-23 15:54:29+00:00,AAPL260925C00160000
AAPL,2026-09-23,337.0199890136719,2026-09-25,C,165.0,170.4,173.15,171.85,3.0,3.0,4.259770300292968,True,2026-09-23 15:54:29+00:00,AAPL260925C00165000
AAPL,2026-09-23,337.0199890136719,2026-09-25,C,170.0,165.2,168.2,167.0,3.0,0.0,4.131840772705079,True,2026-09-23 19:59:00+00:00,AAPL260925C00170000
AAPL,2026-09-23,337.0199890136719,2026-09-25,C,175.0,160.4,163.15,168.62,2.0,2.0,3.94531263671875,True,2026-09-22 15:46:58+00:00,AAPL260925C00175000
AAPL,2026-09-23,337.0199890136719,2026-09-25,C,180.0,155.2,158.15,163.62,,2.0,3.7958989477539067,True,2026-09-22 15:46:58+00:00,AAPL260925C00180000
AAPL,2026-09-23,337.0199890136719,2026-09-25,C,185.0,150.2,153.15,149.7,,0.0,3.649414938964844,True,2026-09-11 16:00:25+00:00,AAPL260925C00185000
AAPL,2026-09-23,337.0199890136719,2026-09-25,C,190.0,145.4,148.15,148.47,2.0,2.0,3.506837170410156,True,2026-09-21 16:02:45+00:00,AAPL260925C00190000
AAPL,2026-09-23,337.0199890136719,2026-09-25,C,195.0,140.4,143.15,143.47,2.0,1.0,3.3671890820312496,True,2026-09-21 16:02:45+00:00,AAPL260925C00195000
AAPL,2026-09-23,337.0199890136719,2026-09-25,C,200.0,135.2,138.2,138.95,5.0,6.0,3.2578143554687498,True,2026-09-21 17:16:15+00:00,AAPL260925C00200000
AAPL,2026-09-23,337.0199890136719,2026-09-25,C,205.0,130.2,133.2,134.42,5.0,5.0,3.124025627441406,True,2026-09-21 19:59:56+00:00,AAPL260925C00205000
AAPL,2026-09-23,337.0199890136719,2026-09-25,C,210.0,125.4,128.25,133.59,1.0,1.0,3.0175805810546876,True,2026-09-22 15:06:40+00:00,AAPL260925C00210000
AAPL,2026-09-23,337.0199890136719,2026-09-25,C,215.0,120.4,123.2,120.85,,1.0,2.8652372119140628,True,2026-09-17 16:51:01+00:00,AAPL260925C00215000
AAPL,2026-09-23,337.0199890136719,2026-09-25,C,220.0,115.4,118.2,118.22,60.0,63.0,2.740237524414063,True,2026-09-23 14:08:47+00:00,AAPL260925C00220000
AAPL,2026-09-23,337.0199890136719,2026-09-25,C,225.0,110.4,113.2,112.31,3.0,5.0,2.61719095703125,True,2026-09-23 17:20:21+00:00,AAPL260925C00225000
AAPL,2026-09-23,337.0199890136719,2026-09-25,C,230.0,105.4,108.2,105.98,17.0,20.0,2.496097509765625,True,2026-09-17 16:58:26+00:00,AAPL260925C00230000
AAPL,2026-09-23,337.0199890136719,2026-09-25,C,235.0,100.4,103.2,97.62,1.0,29.0,2.377445462646484,True,2026-09-16 19:09:30+00:00,AAPL260925C00235000
AAPL,2026-09-23,337.0199890136719,2026-09-25,C,240.0,95.2,98.2,97.35,2.0,43.0,2.2607465356445307,True,2026-09-23 14:27:09+00:00,AAPL260925C00240000
AAPL,2026-09-23,337.0199890136719,2026-09-25,C,245.0,90.35,93.2,92.9,3.0,77.0,2.145512448730469,True,2026-09-23 13:46:37+00:00,AAPL260925C00245000
AAPL,2026-09-23,337.0199890136719,2026-09-25,C,250.0,85.45,88.2,90.0,5.0,206.0,2.0327197619628907,True,2026-09-22 19:59:46+00:00,AAPL260925C00250000
AAPL,2026-09-23,337.0199890136719,2026-09-25,C,255.0,80.45,82.95,81.49,325.0,383.0,1.8300789746093749,True,2026-09-18 19:22:27+00:00,AAPL260925C00255000
AAPL,2026-09-23,337.0199890136719,2026-09-25,C,260.0,75.45,78.2,76.73,4.0,73.0,1.8105478222656248,True,2026-09-23 19:46:11+00:00,AAPL260925C00260000
AAPL,2026-09-23,337.0199890136719,2026-09-25,C,265.0,70.45,73.2,72.45,1.0,23.0,1.7021499267578126,True,2026-09-23 16:01:33+00:00,AAPL260925C00265000
AAPL,2026-09-23,337.0199890136719,2026-09-25,C,270.0,65.45,68.2,67.97,3.0,88.0,1.5942403100585936,True,2026-09-22 19:35:04+00:00,AAPL260925C00270000
AAPL,2026-09-23,337.0199890136719,2026-09-25,C,275.0,60.45,63.2,61.35,5.0,100.0,1.487795529785156,True,2026-09-23 19:33:52+00:00,AAPL260925C00275000
AAPL,2026-09-23,337.0199890136719,2026-09-25,C,277.5,57.95,60.7,46.76,,0.0,1.4345731396484376,True,2026-09-10 16:53:15+00:00,AAPL260925C00277500
AAPL,2026-09-23,337.0199890136719,2026-09-25,C,280.0,55.45,58.2,57.26,2.0,163.0,1.3818390283203121,True,2026-09-23 19:17:25+00:00,AAPL260925C00280000
AAPL,2026-09-23,337.0199890136719,2026-09-25,C,282.5,52.95,55.7,54.51,2.0,10.0,1.3291049169921871,True,2026-09-21 15:31:18+00:00,AAPL260925C00282500
AAPL,2026-09-23,337.0199890136719,2026-09-25,C,285.0,50.45,53.2,52.57,2.0,98.0,1.276859084472656,True,2026-09-23 15:24:26+00:00,AAPL260925C00285000
AAPL,2026-09-23,337.0199890136719,2026-09-25,C,287.5,47.95,50.7,48.45,7.0,27.0,1.224613251953125,True,2026-09-18 17:52:50+00:00,AAPL260925C00287500
AAPL,2026-09-23,337.0199890136719,2026-09-25,C,290.0,45.45,47.95,46.1,356.0,189.0,1.1084028955078127,True,2026-09-23 19:53:53+00:00,AAPL260925C00290000
AAPL,2026-09-23,337.0199890136719,2026-09-25,C,292.5,42.75,45.75,44.24,3.0,17.0,1.1313519995117187,True,2026-09-23 15:59:47+00:00,AAPL260925C00292500
AAPL,2026-09-23,337.0199890136719,2026-09-25,C,295.0,40.5,43.25,42.52,28.0,268.0,1.0791061669921875,True,2026-09-23 18:16:24+00:00,AAPL260925C00295000
AAPL,2026-09-23,337.0199890136719,2026-09-25,C,297.5,38.0,40.2,38.73,5.0,130.0,0.8916026464843749,True,2026-09-23 15:35:04+00:00,AAPL260925C00297500
AAPL,2026-09-23,337.0199890136719,2026-09-25,C,300.0,35.5,38.0,37.05,15.0,855.0,0.9194343994140625,True,2026-09-23 19:23:31+00:00,AAPL260925C00300000
AAPL,2026-09-23,337.0199890136719,2026-09-25,C,302.5,32.95,35.8,39.1,3.0,21.0,0.9311530322265625,True,2026-09-22 13:41:06+00:00,AAPL260925C00302500
AAPL,2026-09-23,337.0199890136719,2026-09-25,C,305.0,31.1,33.0,32.2,1.0,328.0,0.8178729150390623,True,2026-09-23 18:25:41+00:00,AAPL260925C00305000
AAPL,2026-09-23,337.0199890136719,2026-09-25,C,307.5,27.95,30.9,35.49,5.0,74.0,0.842775009765625,True,2026-09-22 16:52:15+00:00,AAPL260925C00307500
AAPL,2026-09-23,337.0199890136719,2026-09-25,C,310.0,25.85,28.35,27.3,45.0,853.0,0.7797873583984375,True,2026-09-23 18:58:46+00:00,AAPL260925C00310000
AAPL,2026-09-23,337.0199890136719,2026-09-25,C,312.5,23.45,25.8,24.74,14.0,223.0,0.7172879833984375,True,2026-09-23 18:59:15+00:00,AAPL260925C00312500
AAPL,2026-09-23,337.0199890136719,2026-09-25,C,315.0,21.35,22.5,21.4,34.0,813.0,0.5092822509765625,True,2026-09-23 19:47:14+00:00,AAPL260925C00315000
AAPL,2026-09-23,337.0199890136719,2026-09-25,C,317.5,18.95,20.05,18.8,1.0,224.0,0.47412635253906255,True,2026-09-23 19:33:00+00:00,AAPL260925C00317500
AAPL,2026-09-23,337.0199890136719,2026-09-25,C,320.0,16.65,18.35,17.25,448.0,5494.0,0.5593305786132813,True,2026-09-23 19:53:53+00:00,AAPL260925C00320000
AAPL,2026-09-23,337.0199890136719,2026-09-25,C,322.5,13.15,15.65,14.37,48.0,828.0,0.47461462890625,True,2026-09-23 19:31:09+00:00,AAPL260925C00322500
AAPL,2026-09-23,337.0199890136719,2026-09-25,C,325.0,11.85,12.75,11.6,204.0,4778.0,0.3610903735351562,True,2026-09-23 19:55:00+00:00,AAPL260925C00325000
AAPL,2026-09-23,337.0199890136719,2026-09-25,C,327.5,9.65,10.55,9.9,252.0,1170.0,0.34717449707031245,True,2026-09-23 19:58:52+00:00,AAPL260925C00327500
AAPL,2026-09-23,337.0199890136719,2026-09-25,C,330.0,7.55,8.55,7.58,2128.0,3647.0,0.34180345703125,True,2026-09-23 19:57:34+00:00,AAPL260925C00330000
AAPL,2026-09-23,337.0199890136719,2026-09-25,C,332.5,5.2,5.95,5.72,864.0,2561.0,0.26380130737304686,True,2026-09-23 19:59:12+00:00,AAPL260925C00332500
AAPL,2026-09-23,337.0199890136719,2026-09-25,C,335.0,3.9,4.15,4.07,6663.0,9096.0,0.24964129272460936,True,2026-09-23 19:59:58+00:00,AAPL260925C00335000
AAPL,2026-09-23,337.0199890136719,2026-09-25,C,337.5,2.49,2.7,2.6,14942.0,9779.0,0.24048611083984373,False,2026-09-23 19:59:57+00:00,AAPL260925C00337500
AAPL,2026-09-23,337.0199890136719,2026-09-25,C,340.0,1.55,1.61,1.61,44080.0,16055.0,0.2332840344238281,False,2026-09-23 19:59:58+00:00,AAPL260925C00340000
AAPL,2026-09-23,337.0199890136719,2026-09-25,C,342.5,0.89,0.94,0.94,19940.0,11118.0,0.2352371398925781,False,2026-09-23 19:59:58+00:00,AAPL260925C00342500
AAPL,2026-09-23,337.0199890136719,2026-09-25,C,345.0,0.5,0.52,0.51,25378.0,10294.0,0.23780059082031246,False,2026-09-23 19:59:59+00:00,AAPL260925C00345000
AAPL,2026-09-23,337.0199890136719,2026-09-25,C,347.5,0.25,0.3,0.29,13773.0,7280.0,0.24658956542968752,False,2026-09-23 19:59:46+00:00,AAPL260925C00347500
AAPL,2026-09-23,337.0199890136719,2026-09-25,C,350.0,0.14,0.15,0.13,14477.0,22710.0,0.2485426708984375,False,2026-09-23 19:59:49+00:00,AAPL260925C00350000
AAPL,2026-09-23,337.0199890136719,2026-09-25,C,352.5,0.07,0.09,0.08,4788.0,8553.0,0.260749580078125,False,2026-09-23 19:59:59+00:00,AAPL260925C00352500
AAPL,2026-09-23,337.0199890136719,2026-09-25,C,355.0,0.03,0.04,0.04,2792.0,9341.0,0.25977302734375,False,2026-09-23 19:57:31+00:00,AAPL260925C00355000
AAPL,2026-09-23,337.0199890136719,2026-09-25,C,357.5,0.02,0.03,0.02,472.0,1315.0,0.27930408203124996,False,2026-09-23 19:59:20+00:00,AAPL260925C00357500
AAPL,2026-09-23,337.0199890136719,2026-09-25,C,360.0,0.01,0.02,0.02,847.0,15025.0,0.2929758203124999,False,2026-09-23 19:50:56+00:00,AAPL260925C00360000
AAPL,2026-09-23,337.0199890136719,2026-09-25,C,362.5,0.01,0.02,0.01,211.0,274.0,0.32031929687499994,False,2026-09-23 19:54:13+00:00,AAPL260925C00362500
AAPL,2026-09-23,337.0199890136719,2026-09-25,C,365.0,0.0,0.01,0.01,142.0,2879.0,0.32031929687499994,False,2026-09-23 19:55:39+00:00,AAPL260925C00365000
AAPL,2026-09-23,337.0199890136719,2026-09-25,C,370.0,0.0,0.01,0.01,75.0,2122.0,0.37500625,False,2026-09-23 17:50:11+00:00,AAPL260925C00370000
AAPL,2026-09-23,337.0199890136719,2026-09-25,C,375.0,0.0,0.01,0.01,106.0,1171.0,0.42188078125,False,2026-09-22 15:02:49+00:00,AAPL260925C00375000
AAPL,2026-09-23,337.0199890136719,2026-09-25,C,380.0,0.0,0.01,0.01,30.0,532.0,0.4687553125,False,2026-09-23 17:51:20+00:00,AAPL260925C00380000
AAPL,2026-09-23,337.0199890136719,2026-09-25,C,385.0,0.0,0.01,0.01,2.0,143.0,0.51562984375,False,2026-09-22 14:43:07+00:00,AAPL260925C00385000
AAPL,2026-09-23,337.0199890136719,2026-09-25,C,390.0,0.0,0.01,0.03,1.0,105.0,0.5312546875,False,2026-09-22 15:28:56+00:00,AAPL260925C00390000
AAPL,2026-09-23,337.0199890136719,2026-09-25,C,395.0,0.0,0.01,0.02,1.0,67.0,0.5625043750000001,False,2026-09-22 15:28:56+00:00,AAPL260925C00395000
AAPL,2026-09-23,337.0199890136719,2026-09-25,C,400.0,0.0,0.01,0.01,50.0,359.0,0.6093789062500001,False,2026-09-21 18:57:07+00:00,AAPL260925C00400000
AAPL,2026-09-23,337.0199890136719,2026-09-25,C,405.0,0.0,0.01,0.01,6.0,18.0,0.64062859375,False,2026-09-17 14:39:10+00:00,AAPL260925C00405000
AAPL,2026-09-23,337.0199890136719,2026-09-25,C,410.0,0.0,0.01,0.01,1.0,25.0,0.6875031250000001,False,2026-09-21 13:30:06+00:00,AAPL260925C00410000
AAPL,2026-09-23,337.0199890136719,2026-09-25,C,415.0,0.0,0.01,0.01,4.0,136.0,0.7187528125,False,2026-09-23 19:35:39+00:00,AAPL260925C00415000
AAPL,2026-09-23,337.0199890136719,2026-09-25,P,110.0,0.0,0.0,0.02,,0.0,0.500005,False,2026-08-19 15:20:24+00:00,AAPL260925P00110000
AAPL,2026-09-23,337.0199890136719,2026-09-25,P,170.0,0.0,0.01,0.01,552.0,552.0,2.2500043749999996,False,2026-09-17 19:09:31+00:00,AAPL260925P00170000
AAPL,2026-09-23,337.0199890136719,2026-09-25,P,175.0,0.0,0.01,0.01,6.0,30.0,2.1250046874999997,False,2026-09-15 18:19:03+00:00,AAPL260925P00175000
AAPL,2026-09-23,337.0199890136719,2026-09-25,P,180.0,0.0,0.01,0.01,11501.0,11530.0,2.0625048437499998,False,2026-09-18 17:46:14+00:00,AAPL260925P00180000
AAPL,2026-09-23,337.0199890136719,2026-09-25,P,185.0,0.0,0.01,0.01,21072.0,21079.0,1.96875015625,False,2026-09-18 17:46:10+00:00,AAPL260925P00185000
AAPL,2026-09-23,337.0199890136719,2026-09-25,P,190.0,0.0,0.01,0.04,23.0,17.0,1.875000625,False,2026-09-01 14:50:33+00:00,AAPL260925P00190000
AAPL,2026-09-23,337.0199890136719,2026-09-25,P,195.0,0.0,0.01,0.01,1.0,26.0,1.8125009374999999,False,2026-09-21 13:30:35+00:00,AAPL260925P00195000
AAPL,2026-09-23,337.0199890136719,2026-09-25,P,200.0,0.0,0.01,0.01,5.0,54.0,1.75000125,False,2026-09-14 19:42:58+00:00,AAPL260925P00200000
AAPL,2026-09-23,337.0199890136719,2026-09-25,P,205.0,0.0,0.01,0.1,4.0,26.0,1.65625171875,False,2026-09-01 14:25:22+00:00,AAPL260925P00205000
AAPL,2026-09-23,337.0199890136719,2026-09-25,P,210.0,0.0,0.01,0.09,5.0,54.0,1.5625021874999998,False,2026-09-03 13:58:53+00:00,AAPL260925P00210000
AAPL,2026-09-23,337.0199890136719,2026-09-25,P,215.0,0.0,0.01,0.01,1.0,241.0,1.5000025,False,2026-09-17 14:06:18+00:00,AAPL260925P00215000
AAPL,2026-09-23,337.0199890136719,2026-09-25,P,220.0,0.0,0.01,0.04,2.0,45.0,1.4375028125,False,2026-09-15 15:45:30+00:00,AAPL260925P00220000
AAPL,2026-09-23,337.0199890136719,2026-09-25,P,225.0,0.0,0.52,0.07,1.0,150.0,2.0410205224609372,False,2026-09-18 18:31:12+00:00,AAPL260925P00225000
AAPL,2026-09-23,337.0199890136719,2026-09-25,P,230.0,0.0,0.02,0.01,5.0,310.0,1.3750031249999999,False,2026-09-21 18:34:20+00:00,AAPL260925P00230000
AAPL,2026-09-23,337.0199890136719,2026-09-25,P,235.0,0.0,0.42,0.06,114.0,910.0,1.791016669921875,False,2026-09-18 18:18:03+00:00,AAPL260925P00235000
AAPL,2026-09-23,337.0199890136719,2026-09-25,P,240.0,0.0,0.05,0.02,21.0,813.0,1.3281283593749997,False,2026-09-18 14:41:34+00:00,AAPL260925P00240000
AAPL,2026-09-23,337.0199890136719,2026-09-25,P,245.0,0.0,0.01,0.01,54.0,1062.0,1.09375453125,False,2026-09-23 19:06:18+00:00,AAPL260925P00245000
AAPL,2026-09-23,337.0199890136719,2026-09-25,P,250.0,0.0,0.01,0.02,2.0,14620.0,1.0312548437500002,False,2026-09-22 19:57:43+00:00,AAPL260925P00250000
AAPL,2026-09-23,337.0199890136719,2026-09-25,P,255.0,0.0,0.05,0.01,17.0,951.0,1.109379453125,False,2026-09-21 17:45:32+00:00,AAPL260925P00255000
AAPL,2026-09-23,337.0199890136719,2026-09-25,P,260.0,0.0,0.18,0.01,220.0,2406.0,1.197269638671875,False,2026-09-21 15:08:07+00:00,AAPL260925P00260000
AAPL,2026-09-23,337.0199890136719,2026-09-25,P,265.0,0.0,0.32,0.08,1.0,572.0,1.205082099609375,False,2026-09-21 13:32:36+00:00,AAPL260925P00265000
AAPL,2026-09-23,337.0199890136719,2026-09-25,P,270.0,0.0,0.23,0.01,62.0,564.0,1.0742233789062503,False,2026-09-22 15:18:09+00:00,AAPL260925P00270000
AAPL,2026-09-23,337.0199890136719,2026-09-25,P,275.0,0.0,0.13,0.01,2.0,1567.0,0.9257819921875,False,2026-09-23 18:58:38+00:00,AAPL260925P00275000
AAPL,2026-09-23,337.0199890136719,2026-09-25,P,277.5,0.0,0.01,0.01,77.0,151.0,0.6875031250000001,False,2026-09-22 19:31:24+00:00,AAPL260925P00277500
AAPL,2026-09-23,337.0199890136719,2026-09-25,P,280.0,0.0,0.01,0.01,51.0,960.0,0.6562534375000001,False,2026-09-22 19:12:52+00:00,AAPL260925P00280000
AAPL,2026-09-23,337.0199890136719,2026-09-25,P,282.5,0.0,0.01,0.01,40.0,173.0,0.6250037500000001,False,2026-09-23 13:57:19+00:00,AAPL260925P00282500
AAPL,2026-09-23,337.0199890136719,2026-09-25,P,285.0,0.0,0.01,0.01,119.0,1119.0,0.5937540625000001,False,2026-09-23 19:11:53+00:00,AAPL260925P00285000
AAPL,2026-09-23,337.0199890136719,2026-09-25,P,287.5,0.0,0.05,0.02,71.0,305.0,0.6640658593750002,False,2026-09-23 19:11:53+00:00,AAPL260925P00287500
AAPL,2026-09-23,337.0199890136719,2026-09-25,P,290.0,0.01,0.05,0.02,119.0,1749.0,0.648441015625,False,2026-09-23 19:59:47+00:00,AAPL260925P00290000
AAPL,2026-09-23,337.0199890136719,2026-09-25,P,292.5,0.01,0.06,0.06,10.0,454.0,0.6250037500000001,False,2026-09-23 19:31:50+00:00,AAPL260925P00292500
AAPL,2026-09-23,337.0199890136719,2026-09-25,P,295.0,0.01,0.03,0.01,9.0,2734.0,0.5546919531250001,False,2026-09-23 17:22:00+00:00,AAPL260925P00295000
AAPL,2026-09-23,337.0199890136719,2026-09-25,P,297.5,0.01,0.03,0.04,8.0,248.0,0.523442265625,False,2026-09-23 13:34:58+00:00,AAPL260925P00297500
AAPL,2026-09-23,337.0199890136719,2026-09-25,P,300.0,0.01,0.03,0.02,142.0,2543.0,0.51562984375,False,2026-09-23 19:31:50+00:00,AAPL260925P00300000
AAPL,2026-09-23,337.0199890136719,2026-09-25,P,302.5,0.01,0.03,0.03,42.0,170.0,0.4804739453125,False,2026-09-23 19:12:01+00:00,AAPL260925P00302500
AAPL,2026-09-23,337.0199890136719,2026-09-25,P,305.0,0.02,0.04,0.03,198.0,4459.0,0.46484910156250003,False,2026-09-23 19:36:12+00:00,AAPL260925P00305000
AAPL,2026-09-23,337.0199890136719,2026-09-25,P,307.5,0.02,0.04,0.03,84.0,385.0,0.42969320312500003,False,2026-09-23 19:42:55+00:00,AAPL260925P00307500
AAPL,2026-09-23,337.0199890136719,2026-09-25,P,310.0,0.02,0.04,0.05,148.0,3012.0,0.39649041015625003,False,2026-09-23 19:56:36+00:00,AAPL260925P00310000
AAPL,2026-09-23,337.0199890136719,2026-09-25,P,312.5,0.02,0.06,0.05,187.0,997.0,0.38477177734374995,False,2026-09-23 19:52:31+00:00,AAPL260925P00312500
AAPL,2026-09-23,337.0199890136719,2026-09-25,P,315.0,0.05,0.06,0.06,572.0,3781.0,0.348639326171875,False,2026-09-23 19:59:04+00:00,AAPL260925P00315000
AAPL,2026-09-23,337.0199890136719,2026-09-25,P,317.5,0.07,0.08,0.07,454.0,2033.0,0.327155166015625,False,2026-09-23 19:58:21+00:00,AAPL260925P00317500
AAPL,2026-09-23,337.0199890136719,2026-09-25,P,320.0,0.1,0.12,0.11,2950.0,5974.0,0.31055376953124997,False,2026-09-23 19:58:55+00:00,AAPL260925P00320000
AAPL,2026-09-23,337.0199890136719,2026-09-25,P,322.5,0.14,0.17,0.14,1573.0,2515.0,0.29053443847656246,False,2026-09-23 19:59:34+00:00,AAPL260925P00322500
AAPL,2026-09-23,337.0199890136719,2026-09-25,P,325.0,0.22,0.26,0.24,5977.0,5744.0,0.273444765625,False,2026-09-23 19:59:31+00:00,AAPL260925P00325000
AAPL,2026-09-23,337.0199890136719,2026-09-25,P,327.5,0.37,0.4,0.37,5274.0,4598.0,0.2553785400390626,False,2026-09-23 19:59:55+00:00,AAPL260925P00327500
AAPL,2026-09-23,337.0199890136719,2026-09-25,P,330.0,0.64,0.69,0.66,19758.0,6637.0,0.2461012890625,False,2026-09-23 19:59:59+00:00,AAPL260925P00330000
AAPL,2026-09-23,337.0199890136719,2026-09-25,P,332.5,1.08,1.18,1.14,7854.0,4438.0,0.23926541992187497,False,2026-09-23 19:59:58+00:00,AAPL260925P00332500
AAPL,2026-09-23,337.0199890136719,2026-09-25,P,335.0,1.83,1.95,1.89,18405.0,5704.0,0.2342605871582031,False,2026-09-23 19:59:58+00:00,AAPL260925P00335000
AAPL,2026-09-23,337.0199890136719,2026-09-25,P,337.5,2.9,3.1,3.0,6892.0,1903.0,0.23389437988281248,True,2026-09-23 19:59:55+00:00,AAPL260925P00337500
AAPL,2026-09-23,337.0199890136719,2026-09-25,P,340.0,4.25,4.7,4.59,3500.0,5481.0,0.2430495617675781,True,2026-09-23 19:59:19+00:00,AAPL260925P00340000
AAPL,2026-09-23,337.0199890136719,2026-09-25,P,342.5,5.3,6.6,6.7,461.0,2173.0,0.25440198730468755,True,2026-09-23 19:54:09+00:00,AAPL260925P00342500
AAPL,2026-09-23,337.0199890136719,2026-09-25,P,345.0,8.05,9.3,8.5,923.0,2664.0,0.335944140625,True,2026-09-23 19:55:00+00:00,AAPL260925P00345000
AAPL,2026-09-23,337.0199890136719,2026-09-25,P,347.5,10.05,11.35,10.9,1578.0,2714.0,0.33740896972656254,True,2026-09-23 19:59:20+00:00,AAPL260925P00347500
AAPL,2026-09-23,337.0199890136719,2026-09-25,P,350.0,12.2,14.45,14.0,1114.0,2867.0,0.46582565429687506,True,2026-09-23 19:33:37+00:00,AAPL260925P00350000
AAPL,2026-09-23,337.0199890136719,2026-09-25,P,352.5,14.7,16.95,12.3,4.0,50.0,0.5188036401367188,True,2026-09-22 19:42:55+00:00,AAPL260925P00352500
AAPL,2026-09-23,337.0199890136719,2026-09-25,P,355.0,17.1,19.9,13.4,8.0,20.0,0.6267127172851563,True,2026-09-22 17:18:53+00:00,AAPL260925P00355000
AAPL,2026-09-23,337.0199890136719,2026-09-25,P,360.0,21.8,24.45,22.0,1.0,14.0,0.6667513793945314,True,2026-09-23 14:53:00+00:00,AAPL260925P00360000
AAPL,2026-09-23,337.0199890136719,2026-09-25,P,365.0,27.1,29.45,28.51,10.0,0.0,0.51562984375,True,2026-09-23 19:46:46+00:00,AAPL260925P00365000
AAPL,2026-09-23,337.0199890136719,2026-09-25,P,370.0,32.2,34.45,31.0,2.0,0.0,0.6025430371093752,True,2026-09-23 13:45:05+00:00,AAPL260925P00370000
AAPL,2026-09-23,337.0199890136719,2026-09-25,P,375.0,37.2,39.45,38.91,37.0,0.0,0.6709017285156251,True,2026-09-18 19:48:00+00:00,AAPL260925P00375000
AAPL,2026-09-23,337.0199890136719,2026-09-25,P,380.0,42.1,44.45,43.93,15.0,0.0,0.71679970703125,True,2026-09-18 19:48:00+00:00,AAPL260925P00380000
AAPL,2026-09-23,337.0199890136719,2026-09-25,P,385.0,47.1,49.45,64.24,2.0,0.0,0.780275634765625,True,2026-09-04 19:02:32+00:00,AAPL260925P00385000
AAPL,2026-09-23,337.0199890136719,2026-09-25,P,390.0,51.8,54.45,54.0,4.0,0.0,0.7539087109375,True,2026-09-18 19:57:01+00:00,AAPL260925P00390000
AAPL,2026-09-23,337.0199890136719,2026-09-28,C,250.0,85.45,88.35,80.46,,1.0,1.4736354443359376,True,2026-09-15 15:21:04+00:00,AAPL260928C00250000
AAPL,2026-09-23,337.0199890136719,2026-09-28,C,265.0,70.45,73.4,71.13,5.0,5.0,1.245853380126953,True,2026-09-18 15:25:17+00:00,AAPL260928C00265000
AAPL,2026-09-23,337.0199890136719,2026-09-28,C,270.0,65.45,68.5,65.16,1.0,3.0,1.1870157836914061,True,2026-09-18 15:16:18+00:00,AAPL260928C00270000
AAPL,2026-09-23,337.0199890136719,2026-09-28,C,280.0,55.45,58.4,58.2,2.0,4.0,1.013676806640625,True,2026-09-23 15:19:49+00:00,AAPL260928C00280000
AAPL,2026-09-23,337.0199890136719,2026-09-28,C,290.0,45.3,48.4,45.87,,12.0,0.8615736499023439,True,2026-09-17 17:38:20+00:00,AAPL260928C00290000
AAPL,2026-09-23,337.0199890136719,2026-09-28,C,300.0,35.5,38.4,37.61,5.0,7.0,0.709963837890625,True,2026-09-23 18:44:06+00:00,AAPL260928C00300000
AAPL,2026-09-23,337.0199890136719,2026-09-28,C,302.5,32.85,35.9,33.65,3.0,11.0,0.672122419433594,True,2026-09-18 15:24:47+00:00,AAPL260928C00302500
AAPL,2026-09-23,337.0199890136719,2026-09-28,C,305.0,30.5,33.4,38.31,2.0,14.0,0.6340368627929689,True,2026-09-22 15:34:25+00:00,AAPL260928C00305000
AAPL,2026-09-23,337.0199890136719,2026-09-28,C,307.5,28.05,30.95,30.55,1.0,14.0,0.6020547607421877,True,2026-09-21 15:50:48+00:00,AAPL260928C00307500
AAPL,2026-09-23,337.0199890136719,2026-09-28,C,310.0,25.55,28.5,28.24,1.0,8.0,0.569340244140625,True,2026-09-21 14:52:52+00:00,AAPL260928C00310000
AAPL,2026-09-23,337.0199890136719,2026-09-28,C,312.5,23.05,25.9,23.09,1.0,27.0,0.5188036401367188,True,2026-09-18 15:18:31+00:00,AAPL260928C00312500
AAPL,2026-09-23,337.0199890136719,2026-09-28,C,315.0,20.4,23.5,26.21,1.0,15.0,0.4907277490234375,True,2026-09-22 13:58:17+00:00,AAPL260928C00315000
AAPL,2026-09-23,337.0199890136719,2026-09-28,C,317.5,18.1,21.0,20.64,5.0,1.0,0.4506890869140625,True,2026-09-21 16:00:24+00:00,AAPL260928C00317500
AAPL,2026-09-23,337.0199890136719,2026-09-28,C,320.0,15.65,18.55,22.61,17.0,259.0,0.415044912109375,True,2026-09-22 17:00:04+00:00,AAPL260928C00320000
AAPL,2026-09-23,337.0199890136719,2026-09-28,C,322.5,13.3,16.1,16.93,1.0,28.0,0.37805797729492185,True,2026-09-22 14:02:24+00:00,AAPL260928C00322500
AAPL,2026-09-23,337.0199890136719,2026-09-28,C,325.0,10.95,13.75,13.3,7.0,57.0,0.3479069116210937,True,2026-09-23 17:21:59+00:00,AAPL260928C00325000
AAPL,2026-09-23,337.0199890136719,2026-09-28,C,327.5,9.5,11.2,10.23,5.0,42.0,0.2990792749023437,True,2026-09-23 19:56:46+00:00,AAPL260928C00327500
AAPL,2026-09-23,337.0199890136719,2026-09-28,C,330.0,7.9,9.05,8.1,115.0,338.0,0.2775951147460937,True,2026-09-23 19:59:27+00:00,AAPL260928C00330000
AAPL,2026-09-23,337.0199890136719,2026-09-28,C,332.5,5.9,6.5,6.2,102.0,376.0,0.22327436889648436,True,2026-09-23 19:59:47+00:00,AAPL260928C00332500
AAPL,2026-09-23,337.0199890136719,2026-09-28,C,335.0,4.45,5.0,4.7,873.0,752.0,0.22730264892578123,True,2026-09-23 19:59:39+00:00,AAPL260928C00335000
AAPL,2026-09-23,337.0199890136719,2026-09-28,C,337.5,3.05,3.4,3.21,2397.0,405.0,0.21070125244140625,False,2026-09-23 19:59:47+00:00,AAPL260928C00337500
AAPL,2026-09-23,337.0199890136719,2026-09-28,C,340.0,2.09,2.38,2.2,3065.0,1247.0,0.21253228881835937,False,2026-09-23 19:59:51+00:00,AAPL260928C00340000
AAPL,2026-09-23,337.0199890136719,2026-09-28,C,342.5,1.32,1.49,1.4,2307.0,2343.0,0.20618469604492184,False,2026-09-23 19:59:32+00:00,AAPL260928C00342500
AAPL,2026-09-23,337.0199890136719,2026-09-28,C,345.0,0.81,1.02,0.9,2426.0,882.0,0.21363091064453127,False,2026-09-23 19:59:37+00:00,AAPL260928C00345000
AAPL,2026-09-23,337.0199890136719,2026-09-28,C,347.5,0.44,0.61,0.48,847.0,2923.0,0.2124102197265625,False,2026-09-23 19:59:30+00:00,AAPL260928C00347500
AAPL,2026-09-23,337.0199890136719,2026-09-28,C,350.0,0.3,0.33,0.32,1655.0,5859.0,0.20899228515624996,False,2026-09-23 19:58:17+00:00,AAPL260928C00350000
AAPL,2026-09-23,337.0199890136719,2026-09-28,C,352.5,0.05,0.24,0.14,233.0,550.0,0.2219316088867187,False,2026-09-23 19:45:49+00:00,AAPL260928C00352500
AAPL,2026-09-23,337.0199890136719,2026-09-28,C,355.0,0.09,0.12,0.11,361.0,1650.0,0.21826953613281247,False,2026-09-23 19:59:42+00:00,AAPL260928C00355000
AAPL,2026-09-23,337.0199890136719,2026-09-28,C,357.5,0.04,0.12,0.06,107.0,2326.0,0.242195078125,False,2026-09-23 19:51:16+00:00,AAPL260928C00357500
AAPL,2026-09-23,337.0199890136719,2026-09-28,C,360.0,0.03,0.06,0.04,100.0,2190.0,0.23926541992187497,False,2026-09-23 19:58:53+00:00,AAPL260928C00360000
AAPL,2026-09-23,337.0199890136719,2026-09-28,C,362.5,0.01,0.21,0.05,7.0,64.0,0.3178779150390625,False,2026-09-23 14:49:04+00:00,AAPL260928C00362500
AAPL,2026-09-23,337.0199890136719,2026-09-28,C,365.0,0.01,0.08,0.03,68.0,137.0,0.2929758203124999,False,2026-09-23 19:51:59+00:00,AAPL260928C00365000
AAPL,2026-09-23,337.0199890136719,2026-09-28,C,370.0,0.0,0.31,0.06,1.0,59.0,0.41748629394531245,False,2026-09-23 14:48:26+00:00,AAPL260928C00370000
AAPL,2026-09-23,337.0199890136719,2026-09-28,C,375.0,0.0,0.01,0.02,130.0,156.0,0.29688203124999996,False,2026-09-22 18:17:45+00:00,AAPL260928C00375000
AAPL,2026-09-23,337.0199890136719,2026-09-28,C,380.0,0.0,0.28,0.16,,3.0,0.5024463818359376,False,2026-09-17 13:31:33+00:00,AAPL260928C00380000
AAPL,2026-09-23,337.0199890136719,2026-09-28,C,395.0,,0.52,0.02,,1.0,0.7036162451171876,False,2026-09-22 15:04:33+00:00,AAPL260928C00395000
AAPL,2026-09-23,337.0199890136719,2026-09-28,P,250.0,0.0,0.51,0.14,,1.0,1.1015669921875002,False,2026-09-15 16:04:53+00:00,AAPL260928P00250000
AAPL,2026-09-23,337.0199890136719,2026-09-28,P,255.0,0.0,0.51,0.12,,2.0,1.0380907470703127,False,2026-09-15 17:05:58+00:00,AAPL260928P00255000
AAPL,2026-09-23,337.0199890136719,2026-09-28,P,265.0,0.0,0.38,0.04,,1.0,0.8730481445312499,False,2026-09-16 14:47:37+00:00,AAPL260928P00265000
AAPL,2026-09-23,337.0199890136719,2026-09-28,P,270.0,0.0,0.5,0.08,,1.0,0.8476577734374999,False,2026-09-16 14:47:21+00:00,AAPL260928P00270000
AAPL,2026-09-23,337.0199890136719,2026-09-28,P,275.0,0.0,0.49,0.06,,2.0,0.7841818457031251,False,2026-09-16 19:21:23+00:00,AAPL260928P00275000
AAPL,2026-09-23,337.0199890136719,2026-09-28,P,280.0,0.0,0.06,0.04,2.0,1.0,0.5507857421875001,False,2026-09-18 16:46:39+00:00,AAPL260928P00280000
AAPL,2026-09-23,337.0199890136719,2026-09-28,P,285.0,0.0,0.46,0.19,2.0,32.0,0.65820654296875,False,2026-09-21 13:35:24+00:00,AAPL260928P00285000
AAPL,2026-09-23,337.0199890136719,2026-09-28,P,290.0,0.0,0.31,0.02,14.0,18.0,0.5634809277343751,False,2026-09-22 13:59:12+00:00,AAPL260928P00290000
AAPL,2026-09-23,337.0199890136719,2026-09-28,P,295.0,0.0,0.31,0.02,15.0,35.0,0.507817421875,False,2026-09-22 16:05:40+00:00,AAPL260928P00295000
AAPL,2026-09-23,337.0199890136719,2026-09-28,P,297.5,0.01,0.24,0.03,4.0,5.0,0.51562984375,False,2026-09-23 19:41:00+00:00,AAPL260928P00297500
AAPL,2026-09-23,337.0199890136719,2026-09-28,P,300.0,0.01,0.24,0.03,41.0,30.0,0.48633326171875,False,2026-09-23 17:56:49+00:00,AAPL260928P00300000
AAPL,2026-09-23,337.0199890136719,2026-09-28,P,302.5,0.01,0.05,0.03,5.0,5.0,0.36133451171875,False,2026-09-23 18:45:35+00:00,AAPL260928P00302500
AAPL,2026-09-23,337.0199890136719,2026-09-28,P,305.0,0.03,0.06,0.08,1.0,29.0,0.34570966796874997,False,2026-09-23 13:39:35+00:00,AAPL260928P00305000
AAPL,2026-09-23,337.0199890136719,2026-09-28,P,307.5,0.02,0.06,0.05,2.0,11.0,0.32129584960937496,False,2026-09-23 14:38:12+00:00,AAPL260928P00307500
AAPL,2026-09-23,337.0199890136719,2026-09-28,P,310.0,0.02,0.1,0.05,9.0,152.0,0.3193427441406249,False,2026-09-23 18:26:46+00:00,AAPL260928P00310000
AAPL,2026-09-23,337.0199890136719,2026-09-28,P,312.5,0.02,0.24,0.07,2.0,32.0,0.3403386279296875,False,2026-09-23 19:13:05+00:00,AAPL260928P00312500
AAPL,2026-09-23,337.0199890136719,2026-09-28,P,315.0,0.01,0.11,0.1,632.0,165.0,0.270515107421875,False,2026-09-23 19:12:30+00:00,AAPL260928P00315000
AAPL,2026-09-23,337.0199890136719,2026-09-28,P,317.5,0.06,0.16,0.13,608.0,54.0,0.2602613037109375,False,2026-09-23 19:54:34+00:00,AAPL260928P00317500
AAPL,2026-09-23,337.0199890136719,2026-09-28,P,320.0,0.17,0.31,0.2,231.0,583.0,0.2651440673828125,False,2026-09-23 19:58:02+00:00,AAPL260928P00320000
AAPL,2026-09-23,337.0199890136719,2026-09-28,P,322.5,0.22,0.42,0.27,86.0,233.0,0.2514723291015625,False,2026-09-23 19:26:47+00:00,AAPL260928P00322500
AAPL,2026-09-23,337.0199890136719,2026-09-28,P,325.0,0.39,0.45,0.42,641.0,784.0,0.2219316088867187,False,2026-09-23 19:59:07+00:00,AAPL260928P00325000
AAPL,2026-09-23,337.0199890136719,2026-09-28,P,327.5,0.62,0.69,0.67,340.0,330.0,0.21326470336914063,False,2026-09-23 19:59:35+00:00,AAPL260928P00327500
AAPL,2026-09-23,337.0199890136719,2026-09-28,P,330.0,0.94,1.12,1.08,1033.0,725.0,0.2104571142578125,False,2026-09-23 19:59:47+00:00,AAPL260928P00330000
AAPL,2026-09-23,337.0199890136719,2026-09-28,P,332.5,1.4,1.75,1.44,717.0,395.0,0.20813780151367184,False,2026-09-23 19:59:11+00:00,AAPL260928P00332500
AAPL,2026-09-23,337.0199890136719,2026-09-28,P,335.0,2.4,2.6,2.54,1557.0,566.0,0.20471986694335934,False,2026-09-23 19:59:22+00:00,AAPL260928P00335000
AAPL,2026-09-23,337.0199890136719,2026-09-28,P,337.5,3.25,3.8,3.55,1129.0,577.0,0.20606262695312497,True,2026-09-23 19:59:58+00:00,AAPL260928P00337500
AAPL,2026-09-23,337.0199890136719,2026-09-28,P,340.0,4.85,5.45,5.17,484.0,447.0,0.2180253979492187,True,2026-09-23 19:54:00+00:00,AAPL260928P00340000
AAPL,2026-09-23,337.0199890136719,2026-09-28,P,342.5,6.55,7.95,7.25,100.0,217.0,0.2711254528808594,True,2026-09-23 19:12:30+00:00,AAPL260928P00342500
AAPL,2026-09-23,337.0199890136719,2026-09-28,P,345.0,7.75,10.25,8.82,27.0,86.0,0.3060372131347656,True,2026-09-23 18:21:14+00:00,AAPL260928P00345000
AAPL,2026-09-23,337.0199890136719,2026-09-28,P,347.5,9.95,12.3,10.02,25.0,44.0,0.3175117077636719,True,2026-09-23 15:07:08+00:00,AAPL260928P00347500
AAPL,2026-09-23,337.0199890136719,2026-09-28,P,350.0,12.3,15.05,8.6,15.0,16.0,0.37781383911132804,True,2026-09-22 16:55:41+00:00,AAPL260928P00350000
AAPL,2026-09-23,337.0199890136719,2026-09-28,P,352.5,14.7,17.45,10.7,5.0,27.0,0.4094297338867187,True,2026-09-22 16:55:08+00:00,AAPL260928P00352500
AAPL,2026-09-23,337.0199890136719,2026-09-28,P,355.0,17.2,19.9,18.5,1.0,3.0,0.44312080322265623,True,2026-09-23 15:41:10+00:00,AAPL260928P00355000
AAPL,2026-09-23,337.0199890136719,2026-09-28,P,357.5,19.3,22.4,16.2,,10.0,0.4797415307617187,True,2026-09-22 13:42:44+00:00,AAPL260928P00357500
AAPL,2026-09-23,337.0199890136719,2026-09-28,P,360.0,22.15,24.9,18.6,,,0.5151415673828125,True,2026-09-22 13:42:44+00:00,AAPL260928P00360000
AAPL,2026-09-23,337.0199890136719,2026-09-28,P,365.0,26.4,29.9,34.5,,3.0,0.5832561206054687,True,2026-09-15 13:49:32+00:00,AAPL260928P00365000
AAPL,2026-09-23,337.0199890136719,2026-09-30,C,270.0,65.4,68.5,67.87,,9.0,1.027836892089844,True,2026-09-17 19:50:42+00:00,AAPL260930C00270000
AAPL,2026-09-23,337.0199890136719,2026-09-30,C,290.0,45.55,48.45,46.4,1.0,1.0,0.752932158203125,True,2026-09-18 18:59:12+00:00,AAPL260930C00290000
AAPL,2026-09-23,337.0199890136719,2026-09-30,C,295.0,40.6,43.5,38.81,,2.0,0.6931183032226562,True,2026-09-17 14:34:56+00:00,AAPL260930C00295000
AAPL,2026-09-23,337.0199890136719,2026-09-30,C,300.0,35.6,38.55,37.29,1.0,4.0,0.6325720336914062,True,2026-09-23 16:12:40+00:00,AAPL260930C00300000
AAPL,2026-09-23,337.0199890136719,2026-09-30,C,305.0,30.5,33.55,36.54,3.0,12.0,0.5656781713867188,True,2026-09-22 18:36:11+00:00,AAPL260930C00305000
AAPL,2026-09-23,337.0199890136719,2026-09-30,C,307.5,28.0,31.0,29.12,,7.0,0.5266160620117188,True,2026-09-17 18:18:39+00:00,AAPL260930C00307500
AAPL,2026-09-23,337.0199890136719,2026-09-30,C,310.0,25.65,28.65,32.83,2.0,6.0,0.507817421875,True,2026-09-22 16:58:19+00:00,AAPL260930C00310000
AAPL,2026-09-23,337.0199890136719,2026-09-30,C,312.5,23.2,26.15,23.3,,,0.4733939379882813,True,2026-09-21 13:47:52+00:00,AAPL260930C00312500
AAPL,2026-09-23,337.0199890136719,2026-09-30,C,315.0,20.65,23.65,27.8,1.0,3.0,0.43848217773437503,True,2026-09-22 14:56:03+00:00,AAPL260930C00315000
AAPL,2026-09-23,337.0199890136719,2026-09-30,C,317.5,18.7,21.2,23.43,1.0,128.0,0.40759869750976563,True,2026-09-22 19:41:12+00:00,AAPL260930C00317500
AAPL,2026-09-23,337.0199890136719,2026-09-30,C,320.0,16.2,18.85,16.87,1.0,108.0,0.38355108642578123,True,2026-09-22 19:12:35+00:00,AAPL260930C00320000
AAPL,2026-09-23,337.0199890136719,2026-09-30,C,322.5,13.9,16.3,15.35,102.0,3.0,0.34265794067382804,True,2026-09-23 16:18:52+00:00,AAPL260930C00322500
AAPL,2026-09-23,337.0199890136719,2026-09-30,C,325.0,11.45,14.0,12.55,25.0,27.0,0.31873239868164055,True,2026-09-23 15:49:17+00:00,AAPL260930C00325000
AAPL,2026-09-23,337.0199890136719,2026-09-30,C,327.5,9.35,11.5,10.63,133.0,37.0,0.2788158056640625,True,2026-09-23 19:41:00+00:00,AAPL260930C00327500
AAPL,2026-09-23,337.0199890136719,2026-09-30,C,330.0,8.2,9.2,9.1,29.0,94.0,0.2493971545410156,True,2026-09-23 16:34:02+00:00,AAPL260930C00330000
AAPL,2026-09-23,337.0199890136719,2026-09-30,C,332.5,6.55,7.35,6.99,72.0,79.0,0.24036404174804685,True,2026-09-23 19:06:01+00:00,AAPL260930C00332500
AAPL,2026-09-23,337.0199890136719,2026-09-30,C,335.0,5.2,5.6,5.46,348.0,699.0,0.22766885620117186,True,2026-09-23 19:59:39+00:00,AAPL260930C00335000
AAPL,2026-09-23,337.0199890136719,2026-09-30,C,337.5,3.9,4.5,4.01,1254.0,180.0,0.23780059082031246,False,2026-09-23 19:59:39+00:00,AAPL260930C00337500
AAPL,2026-09-23,337.0199890136719,2026-09-30,C,340.0,2.78,3.2,3.0,2792.0,564.0,0.2268143725585937,False,2026-09-23 19:59:40+00:00,AAPL260930C00340000
AAPL,2026-09-23,337.0199890136719,2026-09-30,C,342.5,2.0,2.22,2.17,833.0,613.0,0.22083298706054685,False,2026-09-23 19:58:58+00:00,AAPL260930C00342500
AAPL,2026-09-23,337.0199890136719,2026-09-30,C,345.0,1.3,1.69,1.5,1737.0,611.0,0.22974403076171873,False,2026-09-23 19:59:19+00:00,AAPL260930C00345000
AAPL,2026-09-23,337.0199890136719,2026-09-30,C,347.5,0.94,1.03,0.97,1083.0,194.0,0.2192460888671875,False,2026-09-23 19:59:31+00:00,AAPL260930C00347500
AAPL,2026-09-23,337.0199890136719,2026-09-30,C,350.0,0.62,0.71,0.66,994.0,2578.0,0.22290816162109373,False,2026-09-23 19:59:31+00:00,AAPL260930C00350000
AAPL,2026-09-23,337.0199890136719,2026-09-30,C,352.5,0.4,0.49,0.43,796.0,754.0,0.22730264892578123,False,2026-09-23 19:59:24+00:00,AAPL260930C00352500
AAPL,2026-09-23,337.0199890136719,2026-09-30,C,355.0,0.21,0.39,0.23,60.0,479.0,0.23975369628906246,False,2026-09-23 19:52:34+00:00,AAPL260930C00355000
AAPL,2026-09-23,337.0199890136719,2026-09-30,C,357.5,0.16,0.19,0.19,88.0,152.0,0.2280350634765625,False,2026-09-23 19:59:56+00:00,AAPL260930C00357500
AAPL,2026-09-23,337.0199890136719,2026-09-30,C,360.0,0.11,0.13,0.12,255.0,320.0,0.233406103515625,False,2026-09-23 19:56:57+00:00,AAPL260930C00360000
AAPL,2026-09-23,337.0199890136719,2026-09-30,C,362.5,0.07,0.1,0.07,64.0,59.0,0.243171630859375,False,2026-09-23 19:35:04+00:00,AAPL260930C00362500
AAPL,2026-09-23,337.0199890136719,2026-09-30,C,365.0,0.01,0.16,0.14,1.0,159.0,0.2827220166015625,False,2026-09-23 13:30:00+00:00,AAPL260930C00365000
AAPL,2026-09-23,337.0199890136719,2026-09-30,C,370.0,0.01,0.07,0.04,3.0,14.0,0.28516339843749994,False,2026-09-23 15:37:07+00:00,AAPL260930C00370000
AAPL,2026-09-23,337.0199890136719,2026-09-30,C,375.0,0.01,0.13,0.02,6.0,83.0,0.348639326171875,False,2026-09-23 16:19:15+00:00,AAPL260930C00375000
AAPL,2026-09-23,337.0199890136719,2026-09-30,C,380.0,0.0,0.12,0.06,2.0,3.0,0.38086556640624997,False,2026-09-23 16:33:45+00:00,AAPL260930C00380000
AAPL,2026-09-23,337.0199890136719,2026-09-30,C,385.0,0.0,0.12,0.01,19.0,102.0,0.415044912109375,False,2026-09-23 15:16:06+00:00,AAPL260930C00385000
AAPL,2026-09-23,337.0199890136719,2026-09-30,C,390.0,0.0,0.5,0.04,,4.0,0.5014698291015626,False,2026-09-16 13:30:03+00:00,AAPL260930C00390000
AAPL,2026-09-23,337.0199890136719,2026-09-30,C,395.0,0.0,0.35,0.03,,8.0,0.508793974609375,False,2026-09-16 17:49:38+00:00,AAPL260930C00395000
AAPL,2026-09-23,337.0199890136719,2026-09-30,C,405.0,,0.52,0.04,,1.0,0.68555001953125,False,2026-09-22 17:05:59+00:00,AAPL260930C00405000
AAPL,2026-09-23,337.0199890136719,2026-09-30,P,245.0,0.0,0.5,0.03,,0.0,1.0078174609375,False,2026-09-16 14:48:19+00:00,AAPL260930P00245000
AAPL,2026-09-23,337.0199890136719,2026-09-30,P,250.0,0.0,0.02,0.01,5.0,2.0,0.6718782812500002,False,2026-09-23 15:16:02+00:00,AAPL260930P00250000
AAPL,2026-09-23,337.0199890136719,2026-09-30,P,255.0,0.0,0.49,0.07,,4.0,0.893555751953125,False,2026-09-16 14:45:14+00:00,AAPL260930P00255000
AAPL,2026-09-23,337.0199890136719,2026-09-30,P,260.0,0.0,0.48,0.03,8.0,4.0,0.8369156933593749,False,2026-09-18 16:52:17+00:00,AAPL260930P00260000
AAPL,2026-09-23,337.0199890136719,2026-09-30,P,265.0,0.0,0.04,0.04,6.0,54.0,0.5820354296875,False,2026-09-18 19:54:38+00:00,AAPL260930P00265000
AAPL,2026-09-23,337.0199890136719,2026-09-30,P,270.0,0.0,0.46,0.05,3.0,6.0,0.7246121289062499,False,2026-09-21 18:22:22+00:00,AAPL260930P00270000
AAPL,2026-09-23,337.0199890136719,2026-09-30,P,275.0,0.0,0.44,0.04,14.0,18.0,0.6679720703125002,False,2026-09-22 18:58:32+00:00,AAPL260930P00275000
AAPL,2026-09-23,337.0199890136719,2026-09-30,P,280.0,0.0,0.12,0.02,9.0,267.0,0.51758294921875,False,2026-09-23 18:16:26+00:00,AAPL260930P00280000
AAPL,2026-09-23,337.0199890136719,2026-09-30,P,285.0,0.01,0.13,0.07,3.0,9.0,0.523442265625,False,2026-09-23 14:00:02+00:00,AAPL260930P00285000
AAPL,2026-09-23,337.0199890136719,2026-09-30,P,290.0,0.01,0.14,0.04,7.0,2.0,0.481450498046875,False,2026-09-23 14:00:51+00:00,AAPL260930P00290000
AAPL,2026-09-23,337.0199890136719,2026-09-30,P,295.0,0.01,0.14,0.08,1.0,104.0,0.4335994140625,False,2026-09-23 14:01:23+00:00,AAPL260930P00295000
AAPL,2026-09-23,337.0199890136719,2026-09-30,P,297.5,0.02,0.06,0.05,3.0,12.0,0.36426416992187505,False,2026-09-23 15:47:10+00:00,AAPL260930P00297500
AAPL,2026-09-23,337.0199890136719,2026-09-30,P,300.0,0.01,0.08,0.04,115.0,21.0,0.35547519531249994,False,2026-09-23 18:04:28+00:00,AAPL260930P00300000
AAPL,2026-09-23,337.0199890136719,2026-09-30,P,302.5,0.01,0.09,0.05,2.0,5.0,0.3398503515625,False,2026-09-23 15:05:54+00:00,AAPL260930P00302500
AAPL,2026-09-23,337.0199890136719,2026-09-30,P,305.0,0.01,0.18,0.08,5.0,39.0,0.3530338134765625,False,2026-09-22 19:47:49+00:00,AAPL260930P00305000
AAPL,2026-09-23,337.0199890136719,2026-09-30,P,307.5,0.1,0.11,0.09,33.0,8.0,0.30371790039062496,False,2026-09-23 19:54:23+00:00,AAPL260930P00307500
AAPL,2026-09-23,337.0199890136719,2026-09-30,P,310.0,0.1,0.22,0.1,31.0,47.0,0.3149482568359374,False,2026-09-23 17:45:58+00:00,AAPL260930P00310000
AAPL,2026-09-23,337.0199890136719,2026-09-30,P,312.5,0.15,0.2,0.14,15.0,31.0,0.28516339843749994,False,2026-09-23 16:05:08+00:00,AAPL260930P00312500
AAPL,2026-09-23,337.0199890136719,2026-09-30,P,315.0,0.08,0.31,0.23,33.0,95.0,0.2834544311523437,False,2026-09-23 19:17:13+00:00,AAPL260930P00315000
AAPL,2026-09-23,337.0199890136719,2026-09-30,P,317.5,0.26,0.31,0.28,17.0,25.0,0.256843369140625,False,2026-09-23 19:53:43+00:00,AAPL260930P00317500
AAPL,2026-09-23,337.0199890136719,2026-09-30,P,320.0,0.38,0.42,0.42,327.0,2724.0,0.24658956542968752,False,2026-09-23 19:58:26+00:00,AAPL260930P00320000
AAPL,2026-09-23,337.0199890136719,2026-09-30,P,322.5,0.52,0.6,0.59,221.0,67.0,0.23938748901367185,False,2026-09-23 19:58:18+00:00,AAPL260930P00322500
AAPL,2026-09-23,337.0199890136719,2026-09-30,P,325.0,0.68,0.9,0.8,687.0,649.0,0.23657989990234374,False,2026-09-23 19:59:15+00:00,AAPL260930P00325000
AAPL,2026-09-23,337.0199890136719,2026-09-30,P,327.5,1.0,1.34,1.34,418.0,1337.0,0.2356033471679687,False,2026-09-23 19:59:21+00:00,AAPL260930P00327500
AAPL,2026-09-23,337.0199890136719,2026-09-30,P,330.0,1.6,1.83,1.7,547.0,576.0,0.22815713256835937,False,2026-09-23 19:59:40+00:00,AAPL260930P00330000
AAPL,2026-09-23,337.0199890136719,2026-09-30,P,332.5,2.2,2.61,2.61,246.0,455.0,0.22840127075195313,False,2026-09-23 19:58:30+00:00,AAPL260930P00332500
AAPL,2026-09-23,337.0199890136719,2026-09-30,P,335.0,3.05,3.5,3.25,634.0,420.0,0.22364057617187497,False,2026-09-23 19:59:02+00:00,AAPL260930P00335000
AAPL,2026-09-23,337.0199890136719,2026-09-30,P,337.5,4.2,4.7,4.45,286.0,123.0,0.22376264526367184,True,2026-09-23 19:58:43+00:00,AAPL260930P00337500
AAPL,2026-09-23,337.0199890136719,2026-09-30,P,340.0,5.55,6.25,6.02,144.0,260.0,0.2304764453125,True,2026-09-23 19:41:42+00:00,AAPL260930P00340000
AAPL,2026-09-23,337.0199890136719,2026-09-30,P,342.5,6.85,8.15,6.97,17.0,217.0,0.24585715087890625,True,2026-09-23 17:59:55+00:00,AAPL260930P00342500
AAPL,2026-09-23,337.0199890136719,2026-09-30,P,345.0,8.55,10.2,8.9,30.0,125.0,0.2620923400878906,True,2026-09-23 19:08:31+00:00,AAPL260930P00345000
AAPL,2026-09-23,337.0199890136719,2026-09-30,P,347.5,10.35,12.8,7.2,2.0,31.0,0.30689169677734374,True,2026-09-22 16:13:57+00:00,AAPL260930P00347500
AAPL,2026-09-23,337.0199890136719,2026-09-30,P,350.0,12.55,14.95,13.5,84.0,30.0,0.32044136596679684,True,2026-09-23 14:41:25+00:00,AAPL260930P00350000
AAPL,2026-09-23,337.0199890136719,2026-09-30,P,352.5,14.85,17.6,11.15,,25.0,0.36511865356445317,True,2026-09-22 16:55:28+00:00,AAPL260930P00352500
AAPL,2026-09-23,337.0199890136719,2026-09-30,P,355.0,17.0,19.95,13.3,2.0,2.0,0.3874572973632812,True,2026-09-22 16:28:10+00:00,AAPL260930P00355000
AAPL,2026-09-23,337.0199890136719,2026-09-30,P,360.0,21.15,24.9,16.72,,11.0,0.44605046142578125,True,2026-09-22 15:13:33+00:00,AAPL260930P00360000
AAPL,2026-09-23,337.0199890136719,2026-09-30,P,375.0,37.1,39.9,32.6,,,0.6152382226562501,True,2026-09-22 14:58:42+00:00,AAPL260930P00375000
AAPL,2026-09-23,337.0199890136719,2026-10-02,C,185.0,150.3,153.55,149.85,,1.0,2.1147508068847656,True,2026-09-11 16:00:25+00:00,AAPL261002C00185000
AAPL,2026-09-23,337.0199890136719,2026-10-02,C,195.0,140.35,144.2,130.4,1.0,1.0,1.4628933105468749,True,2026-09-02 16:28:38+00:00,AAPL261002C00195000
AAPL,2026-09-23,337.0199890136719,2026-10-02,C,200.0,135.3,138.6,136.36,1.0,2.0,1.8872075952148437,True,2026-09-21 13:56:30+00:00,AAPL261002C00200000
AAPL,2026-09-23,337.0199890136719,2026-10-02,C,205.0,130.35,133.75,112.99,,2.0,1.0546922265625,True,2026-09-09 14:11:39+00:00,AAPL261002C00205000
AAPL,2026-09-23,337.0199890136719,2026-10-02,C,210.0,125.4,128.55,120.25,,2.0,1.724610751953125,True,2026-09-15 14:22:08+00:00,AAPL261002C00210000
AAPL,2026-09-23,337.0199890136719,2026-10-02,C,215.0,120.4,123.9,115.62,16.0,16.0,1.125004375,True,2026-09-15 17:35:51+00:00,AAPL261002C00215000
AAPL,2026-09-23,337.0199890136719,2026-10-02,C,220.0,115.4,119.05,116.81,,1.0,1.1357465087890626,True,2026-09-21 14:04:18+00:00,AAPL261002C00220000
AAPL,2026-09-23,337.0199890136719,2026-10-02,C,225.0,110.4,113.75,118.15,,1.0,0.9257819921875,True,2026-09-22 16:41:44+00:00,AAPL261002C00225000
AAPL,2026-09-23,337.0199890136719,2026-10-02,C,230.0,105.35,108.95,106.78,1.0,7.0,0.9707034179687499,True,2026-09-23 19:51:28+00:00,AAPL261002C00230000
AAPL,2026-09-23,337.0199890136719,2026-10-02,C,235.0,100.4,103.95,90.5,27.0,27.0,0.9414068359375,True,2026-09-10 17:29:50+00:00,AAPL261002C00235000
AAPL,2026-09-23,337.0199890136719,2026-10-02,C,240.0,95.4,98.5,97.54,2.0,1.0,1.2976109338378903,True,2026-09-23 14:27:09+00:00,AAPL261002C00240000
AAPL,2026-09-23,337.0199890136719,2026-10-02,C,245.0,90.5,93.5,67.63,2.0,4.0,1.2324257128906249,True,2026-09-09 17:37:40+00:00,AAPL261002C00245000
AAPL,2026-09-23,337.0199890136719,2026-10-02,C,250.0,85.5,88.5,84.2,59.0,73.0,1.168217049560547,True,2026-09-18 14:33:32+00:00,AAPL261002C00250000
AAPL,2026-09-23,337.0199890136719,2026-10-02,C,255.0,80.45,83.5,84.0,1.0,16.0,1.1049849438476564,True,2026-09-18 19:36:01+00:00,AAPL261002C00255000
AAPL,2026-09-23,337.0199890136719,2026-10-02,C,260.0,75.45,79.0,74.15,1.0,22.0,0.7304714453125,True,2026-09-11 17:56:59+00:00,AAPL261002C00260000
AAPL,2026-09-23,337.0199890136719,2026-10-02,C,265.0,70.45,73.5,74.33,1.0,23.0,0.9804689453125001,True,2026-09-21 19:25:18+00:00,AAPL261002C00265000
AAPL,2026-09-23,337.0199890136719,2026-10-02,C,270.0,65.75,68.7,67.75,3.0,56.0,0.6372106591796876,True,2026-09-23 17:20:35+00:00,AAPL261002C00270000
AAPL,2026-09-23,337.0199890136719,2026-10-02,C,275.0,60.7,63.6,61.64,3.0,76.0,0.5537154003906251,True,2026-09-23 15:40:53+00:00,AAPL261002C00275000
AAPL,2026-09-23,337.0199890136719,2026-10-02,C,280.0,55.7,58.65,62.18,1.0,108.0,0.523442265625,True,2026-09-22 13:46:48+00:00,AAPL261002C00280000
AAPL,2026-09-23,337.0199890136719,2026-10-02,C,285.0,50.5,53.5,53.44,1.0,238.0,0.7387721435546875,True,2026-09-23 15:17:08+00:00,AAPL261002C00285000
AAPL,2026-09-23,337.0199890136719,2026-10-02,C,290.0,45.7,48.3,46.93,2.0,173.0,0.6547886083984377,True,2026-09-23 17:02:04+00:00,AAPL261002C00290000
AAPL,2026-09-23,337.0199890136719,2026-10-02,C,295.0,40.75,43.65,42.25,1.0,94.0,0.6364782446289063,True,2026-09-23 14:28:24+00:00,AAPL261002C00295000
AAPL,2026-09-23,337.0199890136719,2026-10-02,C,297.5,38.25,41.15,40.9,2.0,1.0,0.6062051098632814,True,2026-09-23 15:20:45+00:00,AAPL261002C00297500
AAPL,2026-09-23,337.0199890136719,2026-10-02,C,300.0,35.9,38.4,37.39,1.0,645.0,0.5500533276367189,True,2026-09-23 16:12:40+00:00,AAPL261002C00300000
AAPL,2026-09-23,337.0199890136719,2026-10-02,C,305.0,30.85,33.7,32.21,4.0,118.0,0.5200243310546875,True,2026-09-23 16:56:55+00:00,AAPL261002C00305000
AAPL,2026-09-23,337.0199890136719,2026-10-02,C,310.0,26.4,28.4,27.29,8.0,1937.0,0.4317683776855469,True,2026-09-23 19:48:50+00:00,AAPL261002C00310000
AAPL,2026-09-23,337.0199890136719,2026-10-02,C,312.5,23.3,26.3,24.35,20.0,25.0,0.43567458862304687,True,2026-09-21 13:51:07+00:00,AAPL261002C00312500
AAPL,2026-09-23,337.0199890136719,2026-10-02,C,315.0,21.65,23.3,22.5,29.0,867.0,0.36304347900390627,True,2026-09-23 19:58:28+00:00,AAPL261002C00315000
AAPL,2026-09-23,337.0199890136719,2026-10-02,C,317.5,18.5,20.9,26.99,6.0,31.0,0.34107104248046877,True,2026-09-22 15:15:51+00:00,AAPL261002C00317500
AAPL,2026-09-23,337.0199890136719,2026-10-02,C,320.0,17.2,18.4,17.85,59.0,1270.0,0.31018756225585936,True,2026-09-23 19:57:34+00:00,AAPL261002C00320000
AAPL,2026-09-23,337.0199890136719,2026-10-02,C,322.5,14.45,16.7,15.6,28.0,152.0,0.3325262060546875,True,2026-09-23 19:11:42+00:00,AAPL261002C00322500
AAPL,2026-09-23,337.0199890136719,2026-10-02,C,325.0,12.5,14.35,13.49,47.0,1929.0,0.3061592822265625,True,2026-09-23 19:11:49+00:00,AAPL261002C00325000
AAPL,2026-09-23,337.0199890136719,2026-10-02,C,327.5,10.75,11.9,11.47,17.0,379.0,0.2722240747070312,True,2026-09-23 19:11:52+00:00,AAPL261002C00327500
AAPL,2026-09-23,337.0199890136719,2026-10-02,C,330.0,9.2,10.4,8.75,454.0,2005.0,0.2849192602539062,True,2026-09-23 19:52:54+00:00,AAPL261002C00330000
AAPL,2026-09-23,337.0199890136719,2026-10-02,C,332.5,7.55,8.15,7.56,97.0,365.0,0.2534254345703125,True,2026-09-23 19:20:44+00:00,AAPL261002C00332500
AAPL,2026-09-23,337.0199890136719,2026-10-02,C,335.0,6.15,6.55,6.25,775.0,3625.0,0.24701680725097658,True,2026-09-23 19:58:07+00:00,AAPL261002C00335000
AAPL,2026-09-23,337.0199890136719,2026-10-02,C,337.5,4.9,5.2,4.9,983.0,1011.0,0.24414818359375,False,2026-09-23 19:59:59+00:00,AAPL261002C00337500
AAPL,2026-09-23,337.0199890136719,2026-10-02,C,340.0,3.65,3.95,3.73,3396.0,6626.0,0.23743438354492186,False,2026-09-23 19:59:27+00:00,AAPL261002C00340000
AAPL,2026-09-23,337.0199890136719,2026-10-02,C,342.5,2.75,2.95,2.8,1635.0,1470.0,0.2335892071533203,False,2026-09-23 19:59:48+00:00,AAPL261002C00342500
AAPL,2026-09-23,337.0199890136719,2026-10-02,C,345.0,2.03,2.15,2.1,5829.0,7363.0,0.2306595489501953,False,2026-09-23 19:59:31+00:00,AAPL261002C00345000
AAPL,2026-09-23,337.0199890136719,2026-10-02,C,347.5,1.31,1.55,1.44,427.0,808.0,0.22974403076171873,False,2026-09-23 19:59:20+00:00,AAPL261002C00347500
AAPL,2026-09-23,337.0199890136719,2026-10-02,C,350.0,1.0,1.1,1.03,5287.0,4713.0,0.22962196166992188,False,2026-09-23 19:59:37+00:00,AAPL261002C00350000
AAPL,2026-09-23,337.0199890136719,2026-10-02,C,352.5,0.71,0.8,0.74,353.0,870.0,0.2329178271484375,False,2026-09-23 19:59:00+00:00,AAPL261002C00352500
AAPL,2026-09-23,337.0199890136719,2026-10-02,C,355.0,0.45,0.52,0.49,910.0,6504.0,0.2299881689453125,False,2026-09-23 19:59:32+00:00,AAPL261002C00355000
AAPL,2026-09-23,337.0199890136719,2026-10-02,C,357.5,0.27,0.39,0.33,346.0,721.0,0.23633576171874998,False,2026-09-23 19:59:59+00:00,AAPL261002C00357500
AAPL,2026-09-23,337.0199890136719,2026-10-02,C,360.0,0.2,0.24,0.2,2029.0,7839.0,0.2329178271484375,False,2026-09-23 19:52:57+00:00,AAPL261002C00360000
AAPL,2026-09-23,337.0199890136719,2026-10-02,C,362.5,0.05,0.19,0.15,19.0,279.0,0.24195093994140626,False,2026-09-23 18:20:50+00:00,AAPL261002C00362500
AAPL,2026-09-23,337.0199890136719,2026-10-02,C,365.0,0.09,0.11,0.1,340.0,3034.0,0.23828886718749998,False,2026-09-23 19:59:45+00:00,AAPL261002C00365000
AAPL,2026-09-23,337.0199890136719,2026-10-02,C,367.5,0.01,0.16,0.08,6.0,49.0,0.270515107421875,False,2026-09-23 19:11:40+00:00,AAPL261002C00367500
AAPL,2026-09-23,337.0199890136719,2026-10-02,C,370.0,0.04,0.06,0.04,716.0,2741.0,0.2500075,False,2026-09-23 19:57:38+00:00,AAPL261002C00370000
AAPL,2026-09-23,337.0199890136719,2026-10-02,C,375.0,0.02,0.04,0.02,9.0,402.0,0.266608896484375,False,2026-09-23 19:29:47+00:00,AAPL261002C00375000
AAPL,2026-09-23,337.0199890136719,2026-10-02,C,380.0,0.01,0.04,0.04,27.0,650.0,0.29492892578124996,False,2026-09-23 17:25:16+00:00,AAPL261002C00380000
AAPL,2026-09-23,337.0199890136719,2026-10-02,C,385.0,0.01,0.02,0.01,31.0,599.0,0.3007882421875,False,2026-09-23 16:29:08+00:00,AAPL261002C00385000
AAPL,2026-09-23,337.0199890136719,2026-10-02,C,390.0,0.0,0.15,0.04,3.0,146.0,0.415044912109375,False,2026-09-23 14:19:37+00:00,AAPL261002C00390000
AAPL,2026-09-23,337.0199890136719,2026-10-02,C,395.0,0.0,0.49,0.02,1.0,180.0,0.5390671093750001,False,2026-09-21 13:45:48+00:00,AAPL261002C00395000
AAPL,2026-09-23,337.0199890136719,2026-10-02,C,400.0,0.0,0.01,0.01,4.0,512.0,0.35156898437499995,False,2026-09-22 14:37:51+00:00,AAPL261002C00400000
AAPL,2026-09-23,337.0199890136719,2026-10-02,C,405.0,0.0,0.08,0.01,1.0,30.0,0.46484910156250003,False,2026-09-23 14:18:34+00:00,AAPL261002C00405000
AAPL,2026-09-23,337.0199890136719,2026-10-02,C,410.0,0.0,0.52,0.08,5.0,22.0,0.5766643896484375,False,2026-09-14 16:08:10+00:00,AAPL261002C00410000
AAPL,2026-09-23,337.0199890136719,2026-10-02,C,415.0,0.0,0.01,0.03,1.0,381.0,0.42188078125,False,2026-09-14 15:23:59+00:00,AAPL261002C00415000
AAPL,2026-09-23,337.0199890136719,2026-10-02,P,110.0,0.0,0.01,0.31,,100.0,1.96875015625,False,2026-08-27 17:29:15+00:00,AAPL261002P00110000
AAPL,2026-09-23,337.0199890136719,2026-10-02,P,125.0,0.0,0.01,0.16,,4.0,1.75000125,False,2026-08-27 19:53:19+00:00,AAPL261002P00125000
AAPL,2026-09-23,337.0199890136719,2026-10-02,P,140.0,0.0,0.01,0.12,,2.0,1.5625021874999998,False,2026-08-27 18:37:23+00:00,AAPL261002P00140000
AAPL,2026-09-23,337.0199890136719,2026-10-02,P,175.0,0.0,0.01,0.01,3.0,36.0,1.1875040625,False,2026-09-21 18:36:01+00:00,AAPL261002P00175000
AAPL,2026-09-23,337.0199890136719,2026-10-02,P,180.0,0.0,0.01,0.01,2.0,117.0,1.125004375,False,2026-09-18 18:39:35+00:00,AAPL261002P00180000
AAPL,2026-09-23,337.0199890136719,2026-10-02,P,185.0,0.0,0.01,0.01,3.0,7.0,1.09375453125,False,2026-09-18 18:40:36+00:00,AAPL261002P00185000
AAPL,2026-09-23,337.0199890136719,2026-10-02,P,190.0,0.0,0.52,0.03,8.0,9.0,1.5302757861328122,False,2026-08-26 16:49:38+00:00,AAPL261002P00190000
AAPL,2026-09-23,337.0199890136719,2026-10-02,P,195.0,0.0,0.05,0.01,8.0,28.0,1.1328168359375002,False,2026-09-15 15:19:44+00:00,AAPL261002P00195000
AAPL,2026-09-23,337.0199890136719,2026-10-02,P,200.0,0.0,0.04,0.04,2.0,52.0,1.0625046875000002,False,2026-09-15 14:26:39+00:00,AAPL261002P00200000
AAPL,2026-09-23,337.0199890136719,2026-10-02,P,205.0,0.0,0.04,0.01,57.0,90.0,1.015629921875,False,2026-09-14 18:41:31+00:00,AAPL261002P00205000
AAPL,2026-09-23,337.0199890136719,2026-10-02,P,210.0,0.0,0.01,0.08,101.0,216.0,0.87500125,False,2026-09-15 19:57:41+00:00,AAPL261002P00210000
AAPL,2026-09-23,337.0199890136719,2026-10-02,P,215.0,0.0,0.35,0.08,1.0,34.0,1.1669963525390625,False,2026-09-23 17:25:23+00:00,AAPL261002P00215000
AAPL,2026-09-23,337.0199890136719,2026-10-02,P,220.0,0.0,0.35,0.01,3.0,7.0,1.11328568359375,False,2026-09-15 18:17:38+00:00,AAPL261002P00220000
AAPL,2026-09-23,337.0199890136719,2026-10-02,P,225.0,0.0,0.35,0.02,19.0,18.0,1.0605515722656251,False,2026-09-10 18:22:48+00:00,AAPL261002P00225000
AAPL,2026-09-23,337.0199890136719,2026-10-02,P,230.0,0.0,0.01,0.03,2.0,112.0,0.7187528125,False,2026-09-23 19:30:33+00:00,AAPL261002P00230000
AAPL,2026-09-23,337.0199890136719,2026-10-02,P,235.0,0.0,0.5,0.01,1.0,166.0,1.0048877880859375,False,2026-09-21 13:53:23+00:00,AAPL261002P00235000
AAPL,2026-09-23,337.0199890136719,2026-10-02,P,240.0,0.0,0.19,0.01,2.0,129.0,0.8398453515625,False,2026-09-22 19:56:04+00:00,AAPL261002P00240000
AAPL,2026-09-23,337.0199890136719,2026-10-02,P,245.0,0.01,0.03,0.01,11.0,479.0,0.6718782812500002,False,2026-09-23 16:30:27+00:00,AAPL261002P00245000
AAPL,2026-09-23,337.0199890136719,2026-10-02,P,250.0,0.01,0.04,0.01,8.0,1511.0,0.648441015625,False,2026-09-23 14:03:00+00:00,AAPL261002P00250000
AAPL,2026-09-23,337.0199890136719,2026-10-02,P,255.0,0.0,0.45,0.02,10.0,305.0,0.789064609375,False,2026-09-22 14:13:31+00:00,AAPL261002P00255000
AAPL,2026-09-23,337.0199890136719,2026-10-02,P,260.0,0.0,0.06,0.02,10.0,567.0,0.5820354296875,False,2026-09-22 14:14:03+00:00,AAPL261002P00260000
AAPL,2026-09-23,337.0199890136719,2026-10-02,P,265.0,0.0,0.04,0.01,30.0,124.0,0.5195360546875,False,2026-09-23 14:24:41+00:00,AAPL261002P00265000
AAPL,2026-09-23,337.0199890136719,2026-10-02,P,270.0,0.01,0.03,0.03,33.0,593.0,0.5039112109375,False,2026-09-23 16:09:19+00:00,AAPL261002P00270000
AAPL,2026-09-23,337.0199890136719,2026-10-02,P,275.0,0.02,0.03,0.09,1.0,392.0,0.46484910156250003,False,2026-09-23 14:03:07+00:00,AAPL261002P00275000
AAPL,2026-09-23,337.0199890136719,2026-10-02,P,280.0,0.01,0.03,0.03,41.0,574.0,0.42774009765625004,False,2026-09-23 19:51:40+00:00,AAPL261002P00280000
AAPL,2026-09-23,337.0199890136719,2026-10-02,P,285.0,0.01,0.05,0.03,14.0,857.0,0.414068359375,False,2026-09-23 19:58:13+00:00,AAPL261002P00285000
AAPL,2026-09-23,337.0199890136719,2026-10-02,P,290.0,0.02,0.06,0.05,55.0,1348.0,0.383795224609375,False,2026-09-23 19:50:41+00:00,AAPL261002P00290000
AAPL,2026-09-23,337.0199890136719,2026-10-02,P,295.0,0.06,0.07,0.07,63.0,1037.0,0.35156898437499995,False,2026-09-23 19:51:53+00:00,AAPL261002P00295000
AAPL,2026-09-23,337.0199890136719,2026-10-02,P,300.0,0.08,0.1,0.09,786.0,3201.0,0.32813171874999997,False,2026-09-23 19:44:15+00:00,AAPL261002P00300000
AAPL,2026-09-23,337.0199890136719,2026-10-02,P,302.5,0.01,0.24,0.1,57.0,54.0,0.3544986425781249,False,2026-09-23 19:49:52+00:00,AAPL261002P00302500
AAPL,2026-09-23,337.0199890136719,2026-10-02,P,305.0,0.09,0.15,0.15,58.0,1107.0,0.30664755859375,False,2026-09-23 19:52:44+00:00,AAPL261002P00305000
AAPL,2026-09-23,337.0199890136719,2026-10-02,P,307.5,0.08,0.27,0.17,95.0,30.0,0.31592480957031244,False,2026-09-23 19:59:08+00:00,AAPL261002P00307500
AAPL,2026-09-23,337.0199890136719,2026-10-02,P,310.0,0.2,0.3,0.23,351.0,2291.0,0.29883513671874995,False,2026-09-23 19:53:26+00:00,AAPL261002P00310000
AAPL,2026-09-23,337.0199890136719,2026-10-02,P,312.5,0.16,0.38,0.27,45.0,69.0,0.2890696093749999,False,2026-09-23 19:59:08+00:00,AAPL261002P00312500
AAPL,2026-09-23,337.0199890136719,2026-10-02,P,315.0,0.34,0.37,0.35,1058.0,1725.0,0.26319096191406255,False,2026-09-23 19:58:43+00:00,AAPL261002P00315000
AAPL,2026-09-23,337.0199890136719,2026-10-02,P,317.5,0.44,0.62,0.49,176.0,196.0,0.27027096923828126,False,2026-09-23 19:39:29+00:00,AAPL261002P00317500
AAPL,2026-09-23,337.0199890136719,2026-10-02,P,320.0,0.63,0.7,0.67,1663.0,2514.0,0.2515943981933594,False,2026-09-23 19:59:01+00:00,AAPL261002P00320000
AAPL,2026-09-23,337.0199890136719,2026-10-02,P,322.5,0.87,0.96,0.98,525.0,897.0,0.24634542724609376,False,2026-09-23 19:57:34+00:00,AAPL261002P00322500
AAPL,2026-09-23,337.0199890136719,2026-10-02,P,325.0,1.2,1.32,1.26,1230.0,2642.0,0.24231714721679687,False,2026-09-23 19:59:23+00:00,AAPL261002P00325000
AAPL,2026-09-23,337.0199890136719,2026-10-02,P,327.5,1.63,1.79,1.72,892.0,4374.0,0.23828886718749998,False,2026-09-23 19:57:33+00:00,AAPL261002P00327500
AAPL,2026-09-23,337.0199890136719,2026-10-02,P,330.0,2.13,2.37,2.35,2277.0,3655.0,0.23316196533203126,False,2026-09-23 19:58:48+00:00,AAPL261002P00330000
AAPL,2026-09-23,337.0199890136719,2026-10-02,P,332.5,2.92,3.2,3.08,2384.0,1179.0,0.2329178271484375,False,2026-09-23 19:54:35+00:00,AAPL261002P00332500
AAPL,2026-09-23,337.0199890136719,2026-10-02,P,335.0,3.65,4.05,4.0,765.0,2966.0,0.22516643981933593,False,2026-09-23 19:59:19+00:00,AAPL261002P00335000
AAPL,2026-09-23,337.0199890136719,2026-10-02,P,337.5,4.95,5.25,5.05,869.0,657.0,0.22486126708984372,True,2026-09-23 19:58:56+00:00,AAPL261002P00337500
AAPL,2026-09-23,337.0199890136719,2026-10-02,P,340.0,6.25,6.65,6.3,829.0,825.0,0.22461712890624996,True,2026-09-23 19:59:38+00:00,AAPL261002P00340000
AAPL,2026-09-23,337.0199890136719,2026-10-02,P,342.5,7.7,8.4,7.75,314.0,653.0,0.23218541259765624,True,2026-09-23 17:07:21+00:00,AAPL261002P00342500
AAPL,2026-09-23,337.0199890136719,2026-10-02,P,345.0,8.9,10.8,9.86,102.0,2280.0,0.2657544128417969,True,2026-09-23 18:50:30+00:00,AAPL261002P00345000
AAPL,2026-09-23,337.0199890136719,2026-10-02,P,347.5,10.7,12.85,12.5,8.0,57.0,0.27722890747070306,True,2026-09-23 19:54:10+00:00,AAPL261002P00347500
AAPL,2026-09-23,337.0199890136719,2026-10-02,P,350.0,12.8,15.3,14.4,1557.0,1590.0,0.3073799731445312,True,2026-09-23 19:53:06+00:00,AAPL261002P00350000
AAPL,2026-09-23,337.0199890136719,2026-10-02,P,355.0,17.35,20.1,17.52,1.0,27.0,0.35645174804687496,True,2026-09-23 15:12:44+00:00,AAPL261002P00355000
AAPL,2026-09-23,337.0199890136719,2026-10-02,P,357.5,19.1,22.45,21.5,2.0,27.0,0.37500625,True,2026-09-23 19:32:47+00:00,AAPL261002P00357500
AAPL,2026-09-23,337.0199890136719,2026-10-02,P,360.0,22.25,24.9,24.27,1.0,5.0,0.39905386108398444,True,2026-09-23 19:54:40+00:00,AAPL261002P00360000
AAPL,2026-09-23,337.0199890136719,2026-10-02,P,365.0,27.1,29.9,24.0,2.0,13.0,0.45178770874023444,True,2026-09-22 13:54:30+00:00,AAPL261002P00365000
AAPL,2026-09-23,337.0199890136719,2026-10-02,P,370.0,0.0,0.0,52.7,1.0,0.0,1.0000000000000003e-05,True,2026-08-20 13:55:34+00:00,AAPL261002P00370000
AAPL,2026-09-23,337.0199890136719,2026-10-02,P,375.0,37.1,39.85,38.01,10.0,10.0,0.546025047607422,True,2026-09-23 14:20:27+00:00,AAPL261002P00375000
AAPL,2026-09-23,337.0199890136719,2026-10-02,P,380.0,42.15,44.85,45.74,,0.0,0.5922892333984376,True,2026-09-11 16:28:21+00:00,AAPL261002P00380000
AAPL,2026-09-23,337.0199890136719,2026-10-02,P,385.0,46.5,49.85,43.56,,,0.6369665209960937,True,2026-09-22 17:21:12+00:00,AAPL261002P00385000
AAPL,2026-09-23,337.0199890136719,2026-10-05,C,295.0,40.6,43.65,43.43,37.0,5.0,0.5581098876953126,True,2026-09-23 15:04:09+00:00,AAPL261005C00295000
AAPL,2026-09-23,337.0199890136719,2026-10-05,C,315.0,21.25,24.15,29.11,,1.0,0.37744763183593744,True,2026-09-22 15:09:12+00:00,AAPL261005C00315000
AAPL,2026-09-23,337.0199890136719,2026-10-05,C,320.0,16.6,19.5,19.0,,1.0,0.33887379882812496,True,2026-09-21 15:15:42+00:00,AAPL261005C00320000
AAPL,2026-09-23,337.0199890136719,2026-10-05,C,325.0,12.25,14.9,17.85,,5.0,0.2963937548828125,True,2026-09-22 17:46:02+00:00,AAPL261005C00325000
AAPL,2026-09-23,337.0199890136719,2026-10-05,C,330.0,9.0,11.0,10.73,2.0,12.0,0.2760692510986328,True,2026-09-23 15:16:11+00:00,AAPL261005C00330000
AAPL,2026-09-23,337.0199890136719,2026-10-05,C,335.0,5.95,7.1,6.25,23.0,60.0,0.23859403991699218,True,2026-09-23 19:32:56+00:00,AAPL261005C00335000
AAPL,2026-09-23,337.0199890136719,2026-10-05,C,337.5,4.95,5.55,4.8,195.0,7.0,0.22791299438476562,False,2026-09-23 19:54:10+00:00,AAPL261005C00337500
AAPL,2026-09-23,337.0199890136719,2026-10-05,C,340.0,4.05,4.35,3.7,220.0,55.0,0.22431195617675775,False,2026-09-23 19:52:19+00:00,AAPL261005C00340000
AAPL,2026-09-23,337.0199890136719,2026-10-05,C,342.5,3.05,3.35,3.15,21.0,62.0,0.22180953979492185,False,2026-09-23 16:26:20+00:00,AAPL261005C00342500
AAPL,2026-09-23,337.0199890136719,2026-10-05,C,345.0,2.09,2.55,2.09,379.0,80.0,0.22083298706054685,False,2026-09-23 19:52:04+00:00,AAPL261005C00345000
AAPL,2026-09-23,337.0199890136719,2026-10-05,C,347.5,1.46,1.93,1.5,70.0,54.0,0.22132126342773437,False,2026-09-23 19:28:52+00:00,AAPL261005C00347500
AAPL,2026-09-23,337.0199890136719,2026-10-05,C,350.0,1.05,1.4,1.11,143.0,81.0,0.21967333068847655,False,2026-09-23 19:52:25+00:00,AAPL261005C00350000
AAPL,2026-09-23,337.0199890136719,2026-10-05,C,352.5,0.7,1.07,0.89,1.0,3.0,0.2235185070800781,False,2026-09-23 18:20:42+00:00,AAPL261005C00352500
AAPL,2026-09-23,337.0199890136719,2026-10-05,C,355.0,0.45,0.78,0.56,32.0,35.0,0.22461712890624996,False,2026-09-23 19:52:31+00:00,AAPL261005C00355000
AAPL,2026-09-23,337.0199890136719,2026-10-05,C,357.5,0.28,0.59,0.47,42.0,28.0,0.22864540893554688,False,2026-09-23 17:08:46+00:00,AAPL261005C00357500
AAPL,2026-09-23,337.0199890136719,2026-10-05,C,360.0,0.18,0.46,0.32,91.0,337.0,0.23438265625,False,2026-09-23 18:12:53+00:00,AAPL261005C00360000
AAPL,2026-09-23,337.0199890136719,2026-10-05,C,362.5,0.03,0.4,0.21,11.0,36.0,0.24536887451171874,False,2026-09-23 18:12:53+00:00,AAPL261005C00362500
AAPL,2026-09-23,337.0199890136719,2026-10-05,C,365.0,0.01,0.22,0.14,65.0,6.0,0.23438265625,False,2026-09-23 19:49:54+00:00,AAPL261005C00365000
AAPL,2026-09-23,337.0199890136719,2026-10-05,C,370.0,0.0,0.24,0.11,26.0,32.0,0.270515107421875,False,2026-09-23 19:39:38+00:00,AAPL261005C00370000
AAPL,2026-09-23,337.0199890136719,2026-10-05,C,375.0,0.0,0.1,0.05,8.0,2.0,0.26367923828125,False,2026-09-23 14:42:01+00:00,AAPL261005C00375000
AAPL,2026-09-23,337.0199890136719,2026-10-05,C,385.0,,0.37,0.43,,1.0,0.3898986791992188,False,2026-09-22 13:33:31+00:00,AAPL261005C00385000
AAPL,2026-09-23,337.0199890136719,2026-10-05,P,290.0,,0.24,0.09,,1.0,0.4101621484375,False,2026-09-21 19:21:32+00:00,AAPL261005P00290000
AAPL,2026-09-23,337.0199890136719,2026-10-05,P,300.0,0.0,0.31,0.11,10.0,2.0,0.3461979443359374,False,2026-09-23 18:51:10+00:00,AAPL261005P00300000
AAPL,2026-09-23,337.0199890136719,2026-10-05,P,302.5,0.05,0.18,0.14,4.0,1.0,0.295905478515625,False,2026-09-23 19:56:09+00:00,AAPL261005P00302500
AAPL,2026-09-23,337.0199890136719,2026-10-05,P,305.0,0.02,0.36,0.13,1.0,1.0,0.3139717041015625,False,2026-09-23 13:48:24+00:00,AAPL261005P00305000
AAPL,2026-09-23,337.0199890136719,2026-10-05,P,307.5,0.06,0.39,0.16,,3.0,0.2978585839843749,False,2026-09-22 15:01:38+00:00,AAPL261005P00307500
AAPL,2026-09-23,337.0199890136719,2026-10-05,P,310.0,0.11,0.45,0.27,11.0,64.0,0.2849192602539062,False,2026-09-23 19:55:49+00:00,AAPL261005P00310000
AAPL,2026-09-23,337.0199890136719,2026-10-05,P,312.5,0.15,0.6,0.36,4.0,1.0,0.28125718749999995,False,2026-09-23 18:11:09+00:00,AAPL261005P00312500
AAPL,2026-09-23,337.0199890136719,2026-10-05,P,315.0,0.23,0.72,0.5,30.0,3.0,0.270515107421875,False,2026-09-23 18:41:21+00:00,AAPL261005P00315000
AAPL,2026-09-23,337.0199890136719,2026-10-05,P,317.5,0.41,0.82,0.61,4.0,11.0,0.2556226782226563,False,2026-09-23 13:56:53+00:00,AAPL261005P00317500
AAPL,2026-09-23,337.0199890136719,2026-10-05,P,320.0,0.59,0.98,0.73,218.0,4.0,0.24353783813476562,False,2026-09-23 19:55:49+00:00,AAPL261005P00320000
AAPL,2026-09-23,337.0199890136719,2026-10-05,P,322.5,0.97,1.22,1.03,247.0,31.0,0.23401644897460935,False,2026-09-23 19:57:46+00:00,AAPL261005P00322500
AAPL,2026-09-23,337.0199890136719,2026-10-05,P,325.0,1.24,1.69,1.6,267.0,51.0,0.23413851806640623,False,2026-09-23 19:52:08+00:00,AAPL261005P00325000
AAPL,2026-09-23,337.0199890136719,2026-10-05,P,327.5,1.68,2.23,2.2,19.0,12.0,0.23133092895507812,False,2026-09-23 19:54:10+00:00,AAPL261005P00327500
AAPL,2026-09-23,337.0199890136719,2026-10-05,P,330.0,2.31,2.88,2.63,52.0,72.0,0.22772989074707028,False,2026-09-23 19:49:28+00:00,AAPL261005P00330000
AAPL,2026-09-23,337.0199890136719,2026-10-05,P,332.5,3.1,3.7,3.7,11.0,11.0,0.22522747436523435,False,2026-09-23 19:52:12+00:00,AAPL261005P00332500
AAPL,2026-09-23,337.0199890136719,2026-10-05,P,335.0,3.95,4.6,4.36,109.0,100.0,0.21949022705078125,False,2026-09-23 19:58:17+00:00,AAPL261005P00335000
AAPL,2026-09-23,337.0199890136719,2026-10-05,P,337.5,4.95,5.75,5.3,19.0,5.0,0.21692677612304687,True,2026-09-23 19:02:22+00:00,AAPL261005P00337500
AAPL,2026-09-23,337.0199890136719,2026-10-05,P,340.0,6.5,7.45,6.47,10.0,24.0,0.2291336853027344,True,2026-09-23 18:08:51+00:00,AAPL261005P00340000
AAPL,2026-09-23,337.0199890136719,2026-10-05,P,342.5,7.25,9.6,8.19,4.0,6.0,0.2539747454833985,True,2026-09-23 17:37:42+00:00,AAPL261005P00342500
AAPL,2026-09-23,337.0199890136719,2026-10-05,P,345.0,8.9,11.55,10.6,2.0,20.0,0.2661206201171875,True,2026-09-23 13:58:41+00:00,AAPL261005P00345000
AAPL,2026-09-23,337.0199890136719,2026-10-05,P,350.0,12.9,15.8,13.13,2.0,4.0,0.29456271850585936,True,2026-09-23 14:02:06+00:00,AAPL261005P00350000
AAPL,2026-09-23,337.0199890136719,2026-10-05,P,355.0,16.8,20.2,14.0,,1.0,0.3182441223144531,True,2026-09-22 14:04:01+00:00,AAPL261005P00355000
AAPL,2026-09-23,337.0199890136719,2026-10-05,P,362.5,24.25,27.4,22.5,,2.0,0.3734193518066406,True,2026-09-22 18:57:46+00:00,AAPL261005P00362500
AAPL,2026-09-23,337.0199890136719,2026-10-07,C,320.0,16.9,19.5,21.45,5.0,1.0,0.31555860229492183,True,2026-09-22 14:33:04+00:00,AAPL261007C00320000
AAPL,2026-09-23,337.0199890136719,2026-10-07,C,325.0,12.65,15.3,16.3,1.0,5.0,0.2941354766845703,True,2026-09-22 18:12:45+00:00,AAPL261007C00325000
AAPL,2026-09-23,337.0199890136719,2026-10-07,C,335.0,5.65,8.5,7.05,12.0,37.0,0.2740551110839844,True,2026-09-23 19:33:37+00:00,AAPL261007C00335000
AAPL,2026-09-23,337.0199890136719,2026-10-07,C,340.0,3.3,5.0,4.5,52.0,36.0,0.23303989624023438,False,2026-09-23 19:16:47+00:00,AAPL261007C00340000
AAPL,2026-09-23,337.0199890136719,2026-10-07,C,345.0,1.4,3.7,2.67,162.0,40.0,0.252937158203125,False,2026-09-23 19:33:03+00:00,AAPL261007C00345000
AAPL,2026-09-23,337.0199890136719,2026-10-07,C,350.0,1.06,1.89,1.76,29.0,13.0,0.2299881689453125,False,2026-09-23 19:44:28+00:00,AAPL261007C00350000
AAPL,2026-09-23,337.0199890136719,2026-10-07,C,355.0,0.16,1.0,0.79,46.0,25.0,0.2249833361816406,False,2026-09-23 19:25:02+00:00,AAPL261007C00355000
AAPL,2026-09-23,337.0199890136719,2026-10-07,C,360.0,0.19,0.6,0.4,172.0,99.0,0.23218541259765624,False,2026-09-23 19:59:39+00:00,AAPL261007C00360000
AAPL,2026-09-23,337.0199890136719,2026-10-07,C,365.0,,1.57,0.4,,1.0,0.3461979443359374,False,2026-09-22 19:26:25+00:00,AAPL261007C00365000
AAPL,2026-09-23,337.0199890136719,2026-10-07,C,375.0,,1.47,0.48,,2.0,0.4163876721191406,False,2026-09-22 13:34:14+00:00,AAPL261007C00375000
AAPL,2026-09-23,337.0199890136719,2026-10-07,P,320.0,0.35,1.27,1.18,38.0,11.0,0.24634542724609376,False,2026-09-23 15:30:32+00:00,AAPL261007P00320000
AAPL,2026-09-23,337.0199890136719,2026-10-07,P,325.0,0.5,3.55,1.72,11.0,7.0,0.3062813513183594,False,2026-09-23 18:33:24+00:00,AAPL261007P00325000
AAPL,2026-09-23,337.0199890136719,2026-10-07,P,330.0,2.1,4.15,2.96,18.0,4.0,0.2638623419189453,False,2026-09-23 19:46:06+00:00,AAPL261007P00330000
AAPL,2026-09-23,337.0199890136719,2026-10-07,P,335.0,3.5,6.05,5.2,44.0,3.0,0.25818612915039063,False,2026-09-23 19:51:26+00:00,AAPL261007P00335000
AAPL,2026-09-23,337.0199890136719,2026-10-07,P,340.0,6.8,8.85,7.9,16.0,30.0,0.26538820556640624,True,2026-09-23 15:28:02+00:00,AAPL261007P00340000
AAPL,2026-09-23,337.0199890136719,2026-10-07,P,345.0,8.75,12.0,10.0,1.0,4.0,0.26587648193359376,True,2026-09-23 13:44:28+00:00,AAPL261007P00345000
AAPL,2026-09-23,337.0199890136719,2026-10-07,P,350.0,12.35,15.6,11.59,,2.0,0.2650219982910156,True,2026-09-22 14:46:28+00:00,AAPL261007P00350000
AAPL,2026-09-23,337.0199890136719,2026-10-07,P,355.0,17.6,20.4,15.55,,10.0,0.30652548950195313,True,2026-09-22 19:17:49+00:00,AAPL261007P00355000
AAPL,2026-09-23,337.0199890136719,2026-10-09,C,120.0,215.45,218.65,213.52,,1.0,1.609376953125,True,2026-09-11 19:14:11+00:00,AAPL261009C00120000
AAPL,2026-09-23,337.0199890136719,2026-10-09,C,195.0,140.6,143.95,141.39,1.0,1.0,1.1220747021484376,True,2026-09-18 18:37:37+00:00,AAPL261009C00195000
AAPL,2026-09-23,337.0199890136719,2026-10-09,C,210.0,125.6,128.75,128.06,,1.0,0.92187578125,True,2026-09-21 16:45:01+00:00,AAPL261009C00210000
AAPL,2026-09-23,337.0199890136719,2026-10-09,C,215.0,120.65,123.75,115.81,,16.0,0.8974619628906249,True,2026-09-15 17:35:51+00:00,AAPL261009C00215000
AAPL,2026-09-23,337.0199890136719,2026-10-09,C,220.0,115.65,118.85,101.32,1.0,1.0,0.88476677734375,True,2026-09-04 14:49:07+00:00,AAPL261009C00220000
AAPL,2026-09-23,337.0199890136719,2026-10-09,C,225.0,110.65,113.8,111.7,,1.0,0.8300798242187499,True,2026-09-17 17:08:08+00:00,AAPL261009C00225000
AAPL,2026-09-23,337.0199890136719,2026-10-09,C,235.0,100.85,103.85,101.7,65.0,65.0,0.8017597949218749,True,2026-09-18 19:12:29+00:00,AAPL261009C00235000
AAPL,2026-09-23,337.0199890136719,2026-10-09,C,240.0,95.7,98.8,96.87,1.0,1.0,0.7216824707031251,True,2026-09-23 19:53:08+00:00,AAPL261009C00240000
AAPL,2026-09-23,337.0199890136719,2026-10-09,C,245.0,90.85,93.9,90.64,1.0,4.0,0.72851833984375,True,2026-09-18 16:06:01+00:00,AAPL261009C00245000
AAPL,2026-09-23,337.0199890136719,2026-10-09,C,250.0,85.9,88.9,87.0,1.0,3.0,0.6953155468750001,True,2026-09-18 13:37:50+00:00,AAPL261009C00250000
AAPL,2026-09-23,337.0199890136719,2026-10-09,C,255.0,80.75,83.8,62.69,,20.0,0.6162147753906251,True,2026-09-08 17:45:30+00:00,AAPL261009C00255000
AAPL,2026-09-23,337.0199890136719,2026-10-09,C,260.0,75.75,78.85,73.7,2.0,10.0,0.586918193359375,True,2026-09-14 17:02:25+00:00,AAPL261009C00260000
AAPL,2026-09-23,337.0199890136719,2026-10-09,C,265.0,71.15,73.8,66.97,112.0,16.0,0.594730615234375,True,2026-09-15 13:56:03+00:00,AAPL261009C00265000
AAPL,2026-09-23,337.0199890136719,2026-10-09,C,270.0,66.15,69.0,62.06,112.0,18.0,0.5754436987304687,True,2026-09-15 13:56:03+00:00,AAPL261009C00270000
AAPL,2026-09-23,337.0199890136719,2026-10-09,C,275.0,61.0,63.9,67.53,8.0,23.0,0.5112353564453125,True,2026-09-22 13:53:42+00:00,AAPL261009C00275000
AAPL,2026-09-23,337.0199890136719,2026-10-09,C,280.0,55.85,59.1,57.2,1.0,261.0,0.6684603466796877,True,2026-09-23 19:51:23+00:00,AAPL261009C00280000
AAPL,2026-09-23,337.0199890136719,2026-10-09,C,285.0,50.9,53.95,52.65,1.0,79.0,0.6071816625976563,True,2026-09-21 14:30:45+00:00,AAPL261009C00285000
AAPL,2026-09-23,337.0199890136719,2026-10-09,C,290.0,45.95,49.05,50.01,56.0,35.0,0.567387138671875,True,2026-09-21 19:59:11+00:00,AAPL261009C00290000
AAPL,2026-09-23,337.0199890136719,2026-10-09,C,295.0,41.0,44.05,42.15,9.0,161.0,0.5192919165039063,True,2026-09-23 19:16:47+00:00,AAPL261009C00295000
AAPL,2026-09-23,337.0199890136719,2026-10-09,C,300.0,37.2,39.1,38.4,20.0,111.0,0.47461462890625,True,2026-09-23 16:54:40+00:00,AAPL261009C00300000
AAPL,2026-09-23,337.0199890136719,2026-10-09,C,305.0,31.2,34.3,32.83,22.0,88.0,0.43884838500976564,True,2026-09-23 16:58:26+00:00,AAPL261009C00305000
AAPL,2026-09-23,337.0199890136719,2026-10-09,C,310.0,26.55,29.1,28.4,49.0,245.0,0.37695935546875,True,2026-09-23 18:17:45+00:00,AAPL261009C00310000
AAPL,2026-09-23,337.0199890136719,2026-10-09,C,312.5,24.0,27.05,27.34,,10.0,0.3777528045654296,True,2026-09-21 16:30:47+00:00,AAPL261009C00312500
AAPL,2026-09-23,337.0199890136719,2026-10-09,C,315.0,23.15,24.55,23.42,55.0,529.0,0.3518131225585937,True,2026-09-23 16:27:08+00:00,AAPL261009C00315000
AAPL,2026-09-23,337.0199890136719,2026-10-09,C,320.0,18.3,19.5,18.87,19.0,517.0,0.2963937548828125,True,2026-09-23 19:57:34+00:00,AAPL261009C00320000
AAPL,2026-09-23,337.0199890136719,2026-10-09,C,322.5,15.3,18.5,16.94,6.0,2.0,0.3358220715332031,True,2026-09-23 18:18:48+00:00,AAPL261009C00322500
AAPL,2026-09-23,337.0199890136719,2026-10-09,C,325.0,13.9,15.7,14.94,12.0,668.0,0.29303685485839837,True,2026-09-23 18:19:50+00:00,AAPL261009C00325000
AAPL,2026-09-23,337.0199890136719,2026-10-09,C,327.5,12.05,14.15,12.9,91.0,18.0,0.29932341308593746,True,2026-09-23 16:31:25+00:00,AAPL261009C00327500
AAPL,2026-09-23,337.0199890136719,2026-10-09,C,330.0,10.5,11.45,10.83,65.0,4672.0,0.25830819824218754,True,2026-09-23 19:42:07+00:00,AAPL261009C00330000
AAPL,2026-09-23,337.0199890136719,2026-10-09,C,332.5,8.9,9.7,8.69,116.0,41.0,0.2503737072753906,True,2026-09-23 19:54:12+00:00,AAPL261009C00332500
AAPL,2026-09-23,337.0199890136719,2026-10-09,C,335.0,7.45,8.55,7.95,83.0,1611.0,0.25916268188476566,True,2026-09-23 19:57:25+00:00,AAPL261009C00335000
AAPL,2026-09-23,337.0199890136719,2026-10-09,C,337.5,6.35,6.85,6.4,272.0,519.0,0.24408714904785156,False,2026-09-23 19:34:14+00:00,AAPL261009C00337500
AAPL,2026-09-23,337.0199890136719,2026-10-09,C,340.0,5.15,5.45,4.76,685.0,3177.0,0.2345657598876953,False,2026-09-23 19:50:38+00:00,AAPL261009C00340000
AAPL,2026-09-23,337.0199890136719,2026-10-09,C,342.5,4.1,4.5,4.05,301.0,497.0,0.23578645080566402,False,2026-09-23 19:24:21+00:00,AAPL261009C00342500
AAPL,2026-09-23,337.0199890136719,2026-10-09,C,345.0,3.25,3.5,3.4,169.0,4779.0,0.23004920349121094,False,2026-09-23 19:59:40+00:00,AAPL261009C00345000
AAPL,2026-09-23,337.0199890136719,2026-10-09,C,347.5,2.49,2.85,2.44,69.0,101.0,0.23255161987304687,False,2026-09-23 19:55:00+00:00,AAPL261009C00347500
AAPL,2026-09-23,337.0199890136719,2026-10-09,C,350.0,1.92,2.2,2.14,573.0,3137.0,0.23035437622070312,False,2026-09-23 19:59:32+00:00,AAPL261009C00350000
AAPL,2026-09-23,337.0199890136719,2026-10-09,C,352.5,1.42,1.63,1.4,221.0,338.0,0.22620402709960938,False,2026-09-23 19:51:27+00:00,AAPL261009C00352500
AAPL,2026-09-23,337.0199890136719,2026-10-09,C,355.0,1.11,1.22,1.14,172.0,1820.0,0.22486126708984372,False,2026-09-23 19:51:28+00:00,AAPL261009C00355000
AAPL,2026-09-23,337.0199890136719,2026-10-09,C,357.5,0.76,0.93,0.81,81.0,317.0,0.22583781982421874,False,2026-09-23 19:06:31+00:00,AAPL261009C00357500
AAPL,2026-09-23,337.0199890136719,2026-10-09,C,360.0,0.59,0.69,0.56,704.0,2899.0,0.22583781982421874,False,2026-09-23 19:54:17+00:00,AAPL261009C00360000
AAPL,2026-09-23,337.0199890136719,2026-10-09,C,365.0,0.26,0.41,0.35,161.0,1322.0,0.231452998046875,False,2026-09-23 19:49:17+00:00,AAPL261009C00365000
AAPL,2026-09-23,337.0199890136719,2026-10-09,C,370.0,0.13,0.21,0.2,149.0,946.0,0.23120885986328127,False,2026-09-23 19:08:23+00:00,AAPL261009C00370000
AAPL,2026-09-23,337.0199890136719,2026-10-09,C,375.0,0.05,0.11,0.1,135.0,1141.0,0.233406103515625,False,2026-09-23 16:15:04+00:00,AAPL261009C00375000
AAPL,2026-09-23,337.0199890136719,2026-10-09,C,380.0,0.04,0.17,0.06,31.0,417.0,0.2749095947265625,False,2026-09-23 19:52:03+00:00,AAPL261009C00380000
AAPL,2026-09-23,337.0199890136719,2026-10-09,C,385.0,0.02,0.13,0.02,2.0,114.0,0.2880930566406249,False,2026-09-23 19:52:55+00:00,AAPL261009C00385000
AAPL,2026-09-23,337.0199890136719,2026-10-09,C,390.0,0.01,0.2,0.01,8.0,131.0,0.3320379296875,False,2026-09-23 19:20:25+00:00,AAPL261009C00390000
AAPL,2026-09-23,337.0199890136719,2026-10-09,C,395.0,0.01,0.2,0.04,5.0,148.0,0.35645174804687496,False,2026-09-23 15:47:13+00:00,AAPL261009C00395000
AAPL,2026-09-23,337.0199890136719,2026-10-09,C,400.0,0.01,0.03,0.01,1.0,344.0,0.3007882421875,False,2026-09-23 16:58:53+00:00,AAPL261009C00400000
AAPL,2026-09-23,337.0199890136719,2026-10-09,C,405.0,0.0,0.19,0.03,2.0,8.0,0.39990834472656256,False,2026-09-23 15:06:17+00:00,AAPL261009C00405000
AAPL,2026-09-23,337.0199890136719,2026-10-09,C,410.0,0.0,0.02,0.01,1026.0,1174.0,0.3242255078124999,False,2026-09-22 19:25:43+00:00,AAPL261009C00410000
AAPL,2026-09-23,337.0199890136719,2026-10-09,C,415.0,0.0,0.5,0.19,3.0,159.0,0.5163622583007812,False,2026-09-21 19:21:57+00:00,AAPL261009C00415000
AAPL,2026-09-23,337.0199890136719,2026-10-09,P,110.0,0.0,0.52,0.14,,100.0,2.183598291015625,False,2026-09-16 18:16:00+00:00,AAPL261009P00110000
AAPL,2026-09-23,337.0199890136719,2026-10-09,P,130.0,0.0,0.52,0.01,3.0,8.0,1.875000625,False,2026-09-23 14:56:17+00:00,AAPL261009P00130000
AAPL,2026-09-23,337.0199890136719,2026-10-09,P,190.0,0.0,0.52,0.03,3.0,21.0,1.173832255859375,False,2026-09-08 14:22:50+00:00,AAPL261009P00190000
AAPL,2026-09-23,337.0199890136719,2026-10-09,P,195.0,0.0,0.52,0.03,3.0,6.0,1.125004375,False,2026-09-04 17:21:38+00:00,AAPL261009P00195000
AAPL,2026-09-23,337.0199890136719,2026-10-09,P,200.0,0.0,0.51,0.03,2.0,20.0,1.0751999365234377,False,2026-09-10 19:52:58+00:00,AAPL261009P00200000
AAPL,2026-09-23,337.0199890136719,2026-10-09,P,205.0,0.0,0.29,0.04,2.0,26.0,0.9580082324218748,False,2026-09-09 13:58:45+00:00,AAPL261009P00205000
AAPL,2026-09-23,337.0199890136719,2026-10-09,P,210.0,0.0,0.49,0.03,1.0,3.0,0.9794923925781251,False,2026-09-11 16:51:13+00:00,AAPL261009P00210000
AAPL,2026-09-23,337.0199890136719,2026-10-09,P,215.0,0.0,0.48,0.03,1.0,14.0,0.9326178613281251,False,2026-09-11 16:51:42+00:00,AAPL261009P00215000
AAPL,2026-09-23,337.0199890136719,2026-10-09,P,220.0,0.0,0.48,0.08,8.0,11.0,0.8896495410156249,False,2026-09-15 19:45:33+00:00,AAPL261009P00220000
AAPL,2026-09-23,337.0199890136719,2026-10-09,P,225.0,0.0,0.47,0.03,4.0,11.0,0.8457046679687499,False,2026-09-17 14:36:50+00:00,AAPL261009P00225000
AAPL,2026-09-23,337.0199890136719,2026-10-09,P,230.0,0.0,0.46,0.03,2.0,14.0,0.8017597949218749,False,2026-09-16 14:08:50+00:00,AAPL261009P00230000
AAPL,2026-09-23,337.0199890136719,2026-10-09,P,235.0,0.01,0.44,0.01,5.0,90.0,0.7597680273437502,False,2026-09-23 14:47:03+00:00,AAPL261009P00235000
AAPL,2026-09-23,337.0199890136719,2026-10-09,P,240.0,0.01,0.03,0.03,6.0,252.0,0.5468795312500001,False,2026-09-23 19:31:45+00:00,AAPL261009P00240000
AAPL,2026-09-23,337.0199890136719,2026-10-09,P,245.0,0.01,0.04,0.03,42.0,155.0,0.5273484765625001,False,2026-09-22 14:17:40+00:00,AAPL261009P00245000
AAPL,2026-09-23,337.0199890136719,2026-10-09,P,250.0,0.01,0.05,0.04,310.0,330.0,0.507817421875,False,2026-09-22 14:20:23+00:00,AAPL261009P00250000
AAPL,2026-09-23,337.0199890136719,2026-10-09,P,255.0,0.01,0.11,0.04,55.0,1090.0,0.5117236328125,False,2026-09-22 15:36:20+00:00,AAPL261009P00255000
AAPL,2026-09-23,337.0199890136719,2026-10-09,P,260.0,0.01,0.08,0.04,2.0,382.0,0.49609878906250005,False,2026-09-22 18:11:25+00:00,AAPL261009P00260000
AAPL,2026-09-23,337.0199890136719,2026-10-09,P,265.0,0.01,0.08,0.05,1.0,76.0,0.46289599609375004,False,2026-09-23 14:28:20+00:00,AAPL261009P00265000
AAPL,2026-09-23,337.0199890136719,2026-10-09,P,270.0,0.04,0.05,0.07,3.0,920.0,0.40820904296875,False,2026-09-22 14:39:15+00:00,AAPL261009P00270000
AAPL,2026-09-23,337.0199890136719,2026-10-09,P,275.0,0.06,0.07,0.07,53.0,303.0,0.39258419921875,False,2026-09-23 18:13:00+00:00,AAPL261009P00275000
AAPL,2026-09-23,337.0199890136719,2026-10-09,P,280.0,0.07,0.15,0.08,45.0,329.0,0.39990834472656256,False,2026-09-23 19:58:30+00:00,AAPL261009P00280000
AAPL,2026-09-23,337.0199890136719,2026-10-09,P,285.0,0.05,0.23,0.11,17.0,616.0,0.39111937011718745,False,2026-09-23 19:20:18+00:00,AAPL261009P00285000
AAPL,2026-09-23,337.0199890136719,2026-10-09,P,290.0,0.03,0.27,0.14,63.0,1011.0,0.3657289990234375,False,2026-09-23 18:45:54+00:00,AAPL261009P00290000
AAPL,2026-09-23,337.0199890136719,2026-10-09,P,295.0,0.17,0.22,0.2,15.0,427.0,0.3193427441406249,False,2026-09-23 16:57:45+00:00,AAPL261009P00295000
AAPL,2026-09-23,337.0199890136719,2026-10-09,P,300.0,0.21,0.28,0.25,367.0,1438.0,0.29688203124999996,False,2026-09-23 19:40:28+00:00,AAPL261009P00300000
AAPL,2026-09-23,337.0199890136719,2026-10-09,P,305.0,0.28,0.45,0.37,132.0,719.0,0.28711650390624993,False,2026-09-23 19:51:26+00:00,AAPL261009P00305000
AAPL,2026-09-23,337.0199890136719,2026-10-09,P,310.0,0.48,0.66,0.56,53.0,633.0,0.27197993652343744,False,2026-09-23 19:57:05+00:00,AAPL261009P00310000
AAPL,2026-09-23,337.0199890136719,2026-10-09,P,312.5,0.63,0.76,0.65,12.0,147.0,0.260749580078125,False,2026-09-23 18:35:21+00:00,AAPL261009P00312500
AAPL,2026-09-23,337.0199890136719,2026-10-09,P,315.0,0.75,0.98,0.89,147.0,1334.0,0.2573316455078125,False,2026-09-23 19:51:26+00:00,AAPL261009P00315000
AAPL,2026-09-23,337.0199890136719,2026-10-09,P,317.5,0.97,1.21,1.1,17.0,30.0,0.25086198364257806,False,2026-09-23 18:18:26+00:00,AAPL261009P00317500
AAPL,2026-09-23,337.0199890136719,2026-10-09,P,320.0,1.28,1.48,1.39,237.0,1427.0,0.24378197631835938,False,2026-09-23 19:31:04+00:00,AAPL261009P00320000
AAPL,2026-09-23,337.0199890136719,2026-10-09,P,322.5,1.58,1.87,2.03,45.0,282.0,0.23963162719726558,False,2026-09-23 19:52:47+00:00,AAPL261009P00322500
AAPL,2026-09-23,337.0199890136719,2026-10-09,P,325.0,2.11,2.3,2.21,196.0,904.0,0.23352817260742187,False,2026-09-23 19:58:00+00:00,AAPL261009P00325000
AAPL,2026-09-23,337.0199890136719,2026-10-09,P,327.5,2.52,2.94,2.6,28.0,79.0,0.23230748168945312,False,2026-09-23 18:07:23+00:00,AAPL261009P00327500
AAPL,2026-09-23,337.0199890136719,2026-10-09,P,330.0,3.35,3.65,3.5,1255.0,1016.0,0.22895058166503907,False,2026-09-23 19:42:39+00:00,AAPL261009P00330000
AAPL,2026-09-23,337.0199890136719,2026-10-09,P,332.5,4.15,4.5,4.27,72.0,97.0,0.22595988891601562,False,2026-09-23 17:00:47+00:00,AAPL261009P00332500
AAPL,2026-09-23,337.0199890136719,2026-10-09,P,335.0,5.1,5.45,5.33,236.0,712.0,0.2215654016113281,False,2026-09-23 19:59:32+00:00,AAPL261009P00335000
AAPL,2026-09-23,337.0199890136719,2026-10-09,P,337.5,6.2,6.6,6.9,79.0,130.0,0.21900195068359374,True,2026-09-23 19:51:26+00:00,AAPL261009P00337500
AAPL,2026-09-23,337.0199890136719,2026-10-09,P,340.0,7.25,7.95,7.72,95.0,309.0,0.21790332885742186,True,2026-09-23 19:59:32+00:00,AAPL261009P00340000
AAPL,2026-09-23,337.0199890136719,2026-10-09,P,342.5,8.95,9.75,9.7,12.0,36.0,0.22754678710937498,True,2026-09-23 16:50:15+00:00,AAPL261009P00342500
AAPL,2026-09-23,337.0199890136719,2026-10-09,P,345.0,10.55,11.4,10.75,15.0,67.0,0.22705851074218747,True,2026-09-23 17:25:19+00:00,AAPL261009P00345000
AAPL,2026-09-23,337.0199890136719,2026-10-09,P,350.0,14.1,15.9,13.95,1.0,426.0,0.2618482019042969,True,2026-09-23 14:25:32+00:00,AAPL261009P00350000
AAPL,2026-09-23,337.0199890136719,2026-10-09,P,355.0,17.75,20.55,17.69,6.0,19.0,0.29505099487304687,True,2026-09-23 14:50:07+00:00,AAPL261009P00355000
AAPL,2026-09-23,337.0199890136719,2026-10-09,P,360.0,22.55,25.1,19.95,3.0,32.0,0.31690136230468746,True,2026-09-22 17:56:07+00:00,AAPL261009P00360000
AAPL,2026-09-23,337.0199890136719,2026-10-09,P,365.0,27.1,29.9,28.28,1.0,2.0,0.34656415161132803,True,2026-09-22 19:53:55+00:00,AAPL261009P00365000
AAPL,2026-09-23,337.0199890136719,2026-10-09,P,375.0,36.8,39.9,38.7,4.0,2.0,0.42212491943359376,True,2026-09-23 15:37:53+00:00,AAPL261009P00375000
AAPL,2026-09-23,337.0199890136719,2026-10-09,P,395.0,57.1,59.85,60.85,,0.0,0.5542036767578126,True,2026-09-11 19:35:56+00:00,AAPL261009P00395000
AAPL,2026-09-23,337.0199890136719,2026-10-09,P,410.0,71.7,74.85,74.3,1.0,0.0,0.6459996337890624,True,2026-09-18 19:48:00+00:00,AAPL261009P00410000
AAPL,2026-09-23,337.0199890136719,2026-10-09,P,415.0,76.75,79.9,79.28,1.0,1.0,0.6794465649414063,True,2026-09-18 19:48:00+00:00,AAPL261009P00415000
